,Creation Date,Status,Completion Date,Service Request Number,Type of Service Request,What is the Nature of this Code Violation?,Street Address,ZIP Code,X Coordinate,Y Coordinate,Ward,Police District,Community Area,Latitude,Longitude,Location,date
38163,12/02/2010,Completed,01/03/2011,10-01947430,Sanitation Code Violation,,5318 W CRYSTAL ST,60651.0,1140661.80647215,1907811.77237715,37.0,25.0,25.0,41.90312314321388,-87.75876549757679,"(41.903123143213875, -87.7587654975768)",2010-12-02
38164,12/02/2010,Completed,01/06/2011,10-01945607,Sanitation Code Violation,Other,12439 S EMERALD AVE,60628.0,1173579.93876658,1822377.0790327,34.0,5.0,53.0,41.668012325363385,-87.64038000984642,"(41.66801232536338, -87.64038000984642)",2010-12-02
38165,12/02/2010,Completed,01/18/2011,10-01948541,Sanitation Code Violation,Garbage in yard,4014 W MONROE ST,60624.0,1149646.09601598,1899358.72220854,28.0,11.0,26.0,41.8797572114961,-87.72598386036867,"(41.8797572114961, -87.72598386036867)",2010-12-02
38166,12/02/2010,Completed,01/18/2011,10-01948948,Sanitation Code Violation,,8701 S WESTERN AVE,60620.0,1161882.03297325,1846888.93960004,19.0,22.0,72.0,41.73552728368485,-87.68251403592835,"(41.735527283684846, -87.68251403592834)",2010-12-02
38410,12/06/2010,Completed,01/06/2011,10-01962486,Sanitation Code Violation,Garbage in yard,12344 S NORMAL AVE,60628.0,1175200.93910817,1823044.14410213,34.0,5.0,53.0,41.669806939103324,-87.63442772335728,"(41.669806939103324, -87.63442772335728)",2010-12-06
39004,12/16/2010,Completed,01/03/2011,10-02016183,Sanitation Code Violation,Dumpster not being emptied,3624 W CERMAK RD,60623.0,1152469.64581199,1889137.44659525,24.0,10.0,29.0,41.85165357722283,-87.71588604484337,"(41.85165357722283, -87.71588604484336)",2010-12-16
39073,12/17/2010,Completed,01/03/2011,10-02020526,Sanitation Code Violation,Other,3331 W 66TH PL,60629.0,1155327.70141473,1860334.51051279,15.0,8.0,66.0,41.77255760318904,-87.70616770274201,"(41.77255760318904, -87.706167702742)",2010-12-17
39074,12/17/2010,Completed,01/06/2011,10-02018778,Sanitation Code Violation,Garbage in alley,11816 S VINCENNES AVE,60643.0,1165249.40218364,1826449.89147789,34.0,22.0,75.0,41.67936863327047,-87.6707534057678,"(41.67936863327047, -87.6707534057678)",2010-12-17
39075,12/17/2010,Completed,01/13/2011,10-02021382,Sanitation Code Violation,Dumpster not being emptied,4209 W DIVISION ST,60651.0,1148099.58803284,1907668.03447104,37.0,11.0,23.0,41.902588760281326,-87.73144845378475,"(41.902588760281326, -87.73144845378475)",2010-12-17
39147,12/18/2010,Completed,01/06/2011,10-02022410,Sanitation Code Violation,Standing water,1724 W EDMAIRE ST,60643.0,1166853.48890518,1828926.0373139,34.0,22.0,75.0,41.68612960548883,-87.66481141825086,"(41.68612960548883, -87.66481141825088)",2010-12-18
39148,12/18/2010,Completed,01/06/2011,10-02022458,Sanitation Code Violation,Other,10300 S EMERALD AVE,60628.0,1173128.22283087,1836556.3320666,34.0,22.0,49.0,41.70693238973792,-87.64161651037304,"(41.706932389737915, -87.64161651037305)",2010-12-18
39149,12/18/2010,Completed,01/13/2011,10-02021858,Sanitation Code Violation,Dog feces in yard,5058 W CRYSTAL ST,60651.0,1142413.61368532,1907849.18338768,37.0,25.0,25.0,41.90319342593588,-87.7523297431876,"(41.90319342593588, -87.75232974318759)",2010-12-18
39150,12/18/2010,Completed,01/13/2011,10-02021974,Sanitation Code Violation,Garbage in alley,3635 W DEVON AVE,60659.0,1150888.51731181,1942192.18158956,50.0,17.0,13.0,41.997271463894684,-87.72029710499143,"(41.99727146389468, -87.72029710499143)",2010-12-18
39200,12/19/2010,Completed,01/03/2011,10-02023645,Sanitation Code Violation,Other,3457 W 61ST ST,60629.0,1154394.21299152,1863956.03541285,15.0,8.0,66.0,41.78251424737628,-87.70949334057421,"(41.78251424737627, -87.70949334057421)",2010-12-19
39201,12/19/2010,Completed,01/13/2011,10-02023283,Sanitation Code Violation,Other,2334 N AUSTIN AVE,60639.0,1136012.49593014,1914890.21292406,37.0,25.0,19.0,41.922631414092436,-87.7756745679308,"(41.922631414092436, -87.77567456793082)",2010-12-19
39202,12/19/2010,Completed,01/18/2011,10-02023004,Sanitation Code Violation,Other,3541 W JACKSON BLVD,60624.0,1152798.05538864,1898459.93460939,28.0,11.0,27.0,41.877229051315524,-87.71443402347414,"(41.87722905131552, -87.71443402347414)",2010-12-19
39336,12/20/2010,Completed - Dup,01/13/2011,10-02025262,Sanitation Code Violation,Overflowing carts,1137 N LARAMIE AVE,60651.0,1141488.09652937,1907080.76202214,37.0,15.0,25.0,41.90110193955596,-87.75574840603498,"(41.90110193955596, -87.75574840603498)",2010-12-20
39337,12/20/2010,Completed,01/03/2011,10-02026790,Sanitation Code Violation,Garbage in alley,2523 W 63RD ST,60629.0,1160540.22306854,1862797.12338313,15.0,8.0,66.0,41.77920946200177,-87.68699206474834,"(41.779209462001766, -87.68699206474835)",2010-12-20
39338,12/20/2010,Completed,01/13/2011,10-02024818,Sanitation Code Violation,Construction Site Cleanliness/Fence,1137 N LARAMIE AVE,60651.0,1141488.09652937,1907080.76202214,37.0,15.0,25.0,41.90110193955596,-87.75574840603498,"(41.90110193955596, -87.75574840603498)",2010-12-20
39339,12/20/2010,Completed,01/13/2011,10-02029487,Sanitation Code Violation,Other,853 N KARLOV AVE,60651.0,1148897.196927,1905385.01500922,37.0,11.0,23.0,41.89630852521189,-87.7285777894707,"(41.896308525211886, -87.72857778947072)",2010-12-20
39340,12/20/2010,Completed,01/18/2011,10-02025147,Sanitation Code Violation,Overflowing carts,4407 W ADAMS ST,60624.0,1147044.91041243,1898648.54048188,28.0,11.0,26.0,41.877858505626186,-87.73555330699682,"(41.877858505626186, -87.73555330699683)",2010-12-20
39341,12/20/2010,Completed,01/18/2011,10-02028382,Sanitation Code Violation,Garbage in yard,416 N LAWLER AVE,60644.0,1142627.92988201,1902349.73270912,28.0,15.0,25.0,41.88809830595861,-87.7516794545826,"(41.888098305958614, -87.75167945458259)",2010-12-20
39408,12/21/2010,Completed,01/03/2011,10-02033514,Sanitation Code Violation,Garbage in alley,2525 W 63RD ST,60629.0,1160518.82306854,1862796.52338313,15.0,8.0,66.0,41.77920825688162,-87.68707053631066,"(41.779208256881624, -87.68707053631066)",2010-12-21
39409,12/21/2010,Completed,01/04/2011,10-02034685,Sanitation Code Violation,Dog feces in yard,7727 S SAGINAW AVE,60649.0,1195263.94507587,1854241.5930192,7.0,4.0,43.0,41.75494576967365,-87.55997509770485,"(41.75494576967365, -87.55997509770484)",2010-12-21
39410,12/21/2010,Completed,01/14/2011,10-02030011,Sanitation Code Violation,Dumpster not being emptied,4600 W NORTH AVE,60639.0,1145372.00147422,1910234.39068522,37.0,25.0,25.0,41.90968319230869,-87.74140239660889,"(41.90968319230869, -87.74140239660889)",2010-12-21
39468,12/22/2010,Completed,01/03/2011,10-02038943,Sanitation Code Violation,Overflowing carts,1322 S LAWNDALE AVE,60623.0,1151920.63722942,1893547.73913056,24.0,10.0,29.0,41.86376675491064,-87.71778501223888,"(41.863766754910635, -87.71778501223888)",2010-12-22
39469,12/22/2010,Completed,01/03/2011,10-02040345,Sanitation Code Violation,Other,4304 W 21ST PL,60623.0,1148024.65561229,1889408.52888082,24.0,10.0,29.0,41.85248400861892,-87.73219346084272,"(41.85248400861892, -87.73219346084272)",2010-12-22
39470,12/22/2010,Completed,01/06/2011,10-02038087,Sanitation Code Violation,Garbage in yard,5722 S MICHIGAN AVE,60637.0,1178133.43708808,1867110.00822975,20.0,2.0,40.0,41.790663472918474,-87.62236305145584,"(41.79066347291848, -87.62236305145584)",2010-12-22
39471,12/22/2010,Completed,01/11/2011,10-02036173,Sanitation Code Violation,Garbage in yard,8413 S SANGAMON ST,60620.0,1171439.61502533,1849044.80023343,21.0,6.0,71.0,41.74123959581861,-87.64743577918978,"(41.74123959581861, -87.64743577918978)",2010-12-22
39472,12/22/2010,Completed,01/14/2011,10-02035855,Sanitation Code Violation,Dumpster not being emptied,5400 W AUGUSTA BLVD,60651.0,1140128.14616575,1906138.24316768,37.0,15.0,25.0,41.89854057221695,-87.76076679438779,"(41.89854057221695, -87.7607667943878)",2010-12-22
39514,12/23/2010,Completed,01/04/2011,10-02042864,Sanitation Code Violation,Other,3500 S DR MARTIN LUTHER KING JR DR,60653.0,1179387.72907286,1881857.05048916,4.0,2.0,35.0,41.831102046233475,-87.61731338167601,"(41.831102046233475, -87.617313381676)",2010-12-23
39515,12/23/2010,Completed,01/06/2011,10-02041990,Sanitation Code Violation,Dumpster not being emptied,5914 S DR MARTIN LUTHER KING JR DR,60637.0,1179934.55742401,1865886.39992826,20.0,2.0,40.0,41.787264714142,-87.61579628775145,"(41.787264714142, -87.61579628775144)",2010-12-23
39516,12/23/2010,Completed,01/11/2011,10-02045194,Sanitation Code Violation,Garbage in alley,8401 S THROOP ST,60620.0,1169123.9167678999,1849063.15129184,21.0,6.0,71.0,41.74134028909522,-87.65591982387578,"(41.74134028909522, -87.65591982387576)",2010-12-23
39517,12/23/2010,Completed,01/13/2011,10-02045196,Sanitation Code Violation,Other,2419 W DEVON AVE,60659.0,1158951.23182739,1942413.92797197,50.0,24.0,2.0,41.9977177176655,-87.69063131806179,"(41.9977177176655, -87.69063131806178)",2010-12-23
39554,12/24/2010,Completed,01/03/2011,10-02045989,Sanitation Code Violation,Dumpster not being emptied,6558 S ASHLAND AVE,60636.0,1166799.05309421,1861225.96068252,15.0,7.0,67.0,41.774766606923635,-87.66409132662967,"(41.77476660692363, -87.66409132662967)",2010-12-24
39555,12/24/2010,Completed,01/06/2011,10-02045731,Sanitation Code Violation,Other,6738 S CHAMPLAIN AVE,60637.0,1181726.51969828,1860477.42941308,20.0,3.0,42.0,41.772380762834594,-87.6093929794603,"(41.77238076283459, -87.6093929794603)",2010-12-24
39596,12/26/2010,Completed,01/03/2011,10-02047898,Sanitation Code Violation,Dumpster not being emptied,6757 S ARTESIAN AVE,60629.0,1161205.78649221,1859777.66057724,15.0,8.0,66.0,41.77090987994389,-87.68463552792733,"(41.770909879943886, -87.68463552792733)",2010-12-26
39597,12/26/2010,Completed,01/04/2011,10-02047735,Sanitation Code Violation,Garbage in yard,4344 S OAKENWALD AVE,60653.0,1184998.2567795,1876442.35898543,4.0,21.0,39.0,41.81611360783338,-87.59689854522003,"(41.81611360783338, -87.59689854522003)",2010-12-26
39598,12/26/2010,Completed,01/13/2011,10-02047921,Sanitation Code Violation,Dumpster not being emptied,6126 N OAKLEY AVE,60659.0,1159877.47223277,1940626.24009522,50.0,24.0,2.0,41.99279311057808,-87.6872736302988,"(41.99279311057808, -87.68727363029879)",2010-12-26
39662,12/27/2010,Completed,01/03/2011,10-02052789,Sanitation Code Violation,Other,5500 S MARSHFIELD AVE,60636.0,1166281.75993178,1868102.6541040002,15.0,7.0,67.0,41.793648145737684,-87.66579193574788,"(41.793648145737684, -87.66579193574788)",2010-12-27
39663,12/27/2010,Completed,01/04/2011,10-02056345,Sanitation Code Violation,Overflowing carts,5408 S MICHIGAN AVE,60615.0,1178077.45961629,1869142.62369164,3.0,2.0,40.0,41.79624243451754,-87.62250667966595,"(41.79624243451754, -87.62250667966595)",2010-12-27
39664,12/27/2010,Completed,01/13/2011,10-02054231,Sanitation Code Violation,Other,6200 N ALBANY AVE,60659.0,1154566.67807791,1940979.78308724,50.0,24.0,2.0,41.99387153034708,-87.70679915029709,"(41.99387153034708, -87.70679915029709)",2010-12-27
39737,12/28/2010,Completed,01/03/2011,10-02061155,Sanitation Code Violation,Other,10039 S AVENUE M,60617.0,1201484.85760593,1839054.32071984,10.0,4.0,52.0,41.71311510879255,-87.53769228317181,"(41.71311510879255, -87.53769228317181)",2010-12-28
39738,12/28/2010,Completed,01/03/2011,10-02061529,Sanitation Code Violation,Other,1858 W WABANSIA AVE,60622.0,1163623.80350647,1911341.84182544,32.0,14.0,24.0,41.91235690466093,-87.67432162742821,"(41.91235690466093, -87.6743216274282)",2010-12-28
39739,12/28/2010,Completed,01/04/2011,10-02057840,Sanitation Code Violation,Garbage in yard,300 N HAMLIN AVE,60624.0,1151010.83767583,1901353.33842315,27.0,11.0,26.0,41.885204041597795,-87.72092041581895,"(41.885204041597795, -87.72092041581895)",2010-12-28
39740,12/28/2010,Completed,01/04/2011,10-02060823,Sanitation Code Violation,Other,435 E 46TH PL,60653.0,1179955.62827217,1874284.54001967,3.0,2.0,38.0,41.81030947586019,-87.61546187532196,"(41.810309475860194, -87.61546187532197)",2010-12-28
39741,12/28/2010,Completed,01/04/2011,10-02062079,Sanitation Code Violation,Garbage in yard,3124 W WALNUT ST,60612.0,1155513.01580884,1901465.01153284,27.0,13.0,27.0,41.885421126869396,-87.70438454886475,"(41.8854211268694, -87.70438454886475)",2010-12-28
39742,12/28/2010,Completed,01/06/2011,10-02060805,Sanitation Code Violation,Garbage in alley,6123 S EBERHART AVE,60637.0,1180640.44291491,1864521.71808805,20.0,3.0,42.0,41.78350370408442,-87.61325004534534,"(41.78350370408442, -87.61325004534535)",2010-12-28
39743,12/28/2010,Completed,01/12/2011,10-02062793,Sanitation Code Violation,Dumpster not being emptied,5914 S DR MARTIN LUTHER KING JR DR,60637.0,1179934.55742401,1865886.39992826,20.0,2.0,40.0,41.787264714142,-87.61579628775145,"(41.787264714142, -87.61579628775144)",2010-12-28
39744,12/28/2010,Completed,01/19/2011,10-02062300,Sanitation Code Violation,Garbage in alley,10009 S ABERDEEN ST,60643.0,1170751.18307714,1838432.80512397,34.0,22.0,73.0,41.712133784188005,-87.65026668412894,"(41.71213378418801, -87.65026668412894)",2010-12-28
39813,12/29/2010,Completed - Dup,01/06/2011,10-02068021,Sanitation Code Violation,Overflowing carts,6123 S EBERHART AVE,60637.0,1180640.44291491,1864521.71808805,20.0,3.0,42.0,41.78350370408442,-87.61325004534534,"(41.78350370408442, -87.61325004534535)",2010-12-29
39814,12/29/2010,Completed,01/03/2011,10-02064385,Sanitation Code Violation,Dumpster not being emptied,1501 N WICKER PARK AVE,60622.0,1163120.43626893,1909819.2355915,1.0,14.0,24.0,41.90818936400961,-87.67621371340557,"(41.90818936400961, -87.67621371340557)",2010-12-29
39815,12/29/2010,Completed,01/03/2011,10-02064450,Sanitation Code Violation,,2340 N CANNON DR,60614.0,1174816.06468843,1915887.37531303,43.0,18.0,7.0,41.92458669981187,-87.63306825945253,"(41.92458669981187, -87.63306825945253)",2010-12-29
39816,12/29/2010,Completed,01/03/2011,10-02066800,Sanitation Code Violation,,1857 S RIDGEWAY AVE,60623.0,1151661.67943255,1890687.84759831,24.0,10.0,29.0,41.855923968033565,-87.71881078229755,"(41.85592396803356, -87.71881078229757)",2010-12-29
39817,12/29/2010,Completed,01/03/2011,10-02067158,Sanitation Code Violation,Dumpster not being emptied,243 N MASON AVE,60644.0,1136728.54882072,1901082.62477875,29.0,15.0,25.0,41.88472888390691,-87.77337468495226,"(41.88472888390691, -87.77337468495226)",2010-12-29
39818,12/29/2010,Completed,01/03/2011,10-02067761,Sanitation Code Violation,Garbage in alley,6208 W WABANSIA AVE,60639.0,1134727.21290761,1910649.76551313,29.0,25.0,25.0,41.9110179557261,-87.78049762729347,"(41.9110179557261, -87.78049762729347)",2010-12-29
39819,12/29/2010,Completed,01/03/2011,10-02068455,Sanitation Code Violation,Dog feces in yard,1825 N WINNEBAGO AVE,60647.0,1160624.58010284,1912082.07009305,1.0,14.0,22.0,41.914450853370546,-87.68531941378247,"(41.91445085337055, -87.68531941378247)",2010-12-29
39820,12/29/2010,Completed,01/03/2011,10-02068843,Sanitation Code Violation,Garbage in alley,5233 S WOOD ST,60609.0,1165234.32902458,1869990.16467857,16.0,9.0,61.0,41.7988499587492,-87.66957935126865,"(41.7988499587492, -87.66957935126865)",2010-12-29
39821,12/29/2010,Completed,01/04/2011,10-02067995,Sanitation Code Violation,Other,6214 N LEROY AVE,60646.0,1140615.87698049,1940784.04511061,45.0,16.0,12.0,41.993603026615695,-87.75812138654328,"(41.993603026615695, -87.75812138654327)",2010-12-29
39822,12/29/2010,Completed,01/04/2011,10-02068661,Sanitation Code Violation,Garbage in yard,7428 N HARLEM AVE,60631.0,1127390.96109223,1948808.06509297,41.0,16.0,9.0,42.01585511304176,-87.80658726437024,"(42.01585511304176, -87.80658726437024)",2010-12-29
39823,12/29/2010,Completed,01/04/2011,10-02068701,Sanitation Code Violation,Other,5345 W SUNNYSIDE AVE,60630.0,1139894.93381694,1929418.51240727,45.0,16.0,15.0,41.96242833483395,-87.76105264712206,"(41.96242833483395, -87.76105264712206)",2010-12-29
39824,12/29/2010,Completed,01/04/2011,10-02068773,Sanitation Code Violation,Overflowing carts,5223 W FOSTER AVE,60630.0,1140487.43012455,1934079.77627922,45.0,16.0,11.0,41.97520835992464,-87.75875930925821,"(41.975208359924636, -87.75875930925822)",2010-12-29
39825,12/29/2010,Completed,01/06/2011,10-02068810,Sanitation Code Violation,Garbage in alley,5829 S PRAIRIE AVE,60637.0,1179036.31890463,1866424.81927314,20.0,2.0,40.0,41.788762712154494,-87.61907330532688,"(41.78876271215449, -87.61907330532688)",2010-12-29
39826,12/29/2010,Completed,01/10/2011,10-02066372,Sanitation Code Violation,Other,2550 W LEXINGTON ST,60612.0,1159366.10007989,1896613.14031851,2.0,11.0,28.0,41.87202877482215,-87.69036875344746,"(41.87202877482215, -87.69036875344746)",2010-12-29
39827,12/29/2010,Completed,01/14/2011,10-02068174,Sanitation Code Violation,Garbage in yard,5324 W FERDINAND ST,60644.0,1140780.83493005,1902634.88601206,37.0,15.0,25.0,41.88891495857785,-87.7584556911442,"(41.88891495857785, -87.7584556911442)",2010-12-29
39828,12/29/2010,Completed,01/18/2011,10-02064904,Sanitation Code Violation,Overflowing carts,3924 W MADISON ST,60624.0,1150227.70689469,1899724.50128317,28.0,11.0,26.0,41.880749635321706,-87.72383871052419,"(41.880749635321706, -87.7238387105242)",2010-12-29
39829,12/29/2010,Completed,01/18/2011,10-02068468,Sanitation Code Violation,Dumpster not being emptied,4407 W ADAMS ST,60624.0,1147044.91041243,1898648.54048188,28.0,11.0,26.0,41.877858505626186,-87.73555330699682,"(41.877858505626186, -87.73555330699683)",2010-12-29
39881,12/30/2010,Completed,01/03/2011,10-02069324,Sanitation Code Violation,Dumpster not being emptied,6931 S EGGLESTON AVE,60621.0,1174476.58997302,1858967.80101556,6.0,7.0,68.0,41.76840256085152,-87.63601384077509,"(41.76840256085152, -87.63601384077509)",2010-12-30
39882,12/30/2010,Completed,01/03/2011,10-02069416,Sanitation Code Violation,Other,8300 S EXCHANGE AVE,60617.0,1197266.43998821,1850504.01913141,10.0,4.0,46.0,41.744639963549226,-87.55276094246403,"(41.74463996354923, -87.55276094246403)",2010-12-30
39883,12/30/2010,Completed,01/03/2011,10-02069464,Sanitation Code Violation,Dumpster not being emptied,1155 W WRIGHTWOOD AVE,60614.0,1168153.88359415,1917421.18639225,32.0,19.0,7.0,41.928942242634136,-87.65750339978315,"(41.92894224263413, -87.65750339978315)",2010-12-30
39884,12/30/2010,Completed,01/03/2011,10-02070808,Sanitation Code Violation,Other,4714 W VAN BUREN ST,60644.0,1145030.01007781,1897609.20361358,24.0,11.0,25.0,41.87504471040228,-87.742977852709,"(41.87504471040228, -87.742977852709)",2010-12-30
39885,12/30/2010,Completed,01/03/2011,10-02071356,Sanitation Code Violation,Garbage in alley,4214 W 21ST ST,60623.0,1148612.35499987,1889755.68570262,24.0,10.0,29.0,41.85342534055778,-87.73002745522571,"(41.85342534055777, -87.73002745522572)",2010-12-30
39886,12/30/2010,Completed,01/03/2011,10-02071384,Sanitation Code Violation,Other,312 E 69TH PL,60637.0,1179383.66118876,1859001.82067676,6.0,3.0,69.0,41.76838533519523,-87.61802613521469,"(41.768385335195234, -87.61802613521469)",2010-12-30
39887,12/30/2010,Completed,01/03/2011,10-02071390,Sanitation Code Violation,,6650 S ELLIS AVE,60637.0,1184024.12921621,1861455.72890524,5.0,3.0,42.0,41.7750119260653,-87.60094016215645,"(41.775011926065304, -87.60094016215646)",2010-12-30
39888,12/30/2010,Completed,01/03/2011,10-02071424,Sanitation Code Violation,Other,5100 S ASHLAND AVE,60609.0,1166536.92921632,1870899.73138193,16.0,9.0,61.0,41.80131821557446,-87.66477647745545,"(41.80131821557446, -87.66477647745543)",2010-12-30
39889,12/30/2010,Completed,01/03/2011,10-02071896,Sanitation Code Violation,Other,6458 S KNOX AVE,60629.0,1146488.93741612,1861375.23578517,13.0,8.0,64.0,41.775585834816326,-87.73854222770233,"(41.77558583481633, -87.73854222770233)",2010-12-30
39890,12/30/2010,Completed,01/03/2011,10-02071913,Sanitation Code Violation,Dumpster not being emptied,3817 W GLADYS AVE,60624.0,1150988.22547014,1898084.73151571,24.0,11.0,26.0,41.8762350723233,-87.72108907969387,"(41.876235072323304, -87.72108907969387)",2010-12-30
39891,12/30/2010,Completed,01/03/2011,10-02072248,Sanitation Code Violation,Garbage in alley,2028 N SHEFFIELD AVE,60614.0,1169304.45861184,1913668.26302393,43.0,18.0,7.0,41.918619064886336,-87.65338478117556,"(41.918619064886336, -87.65338478117555)",2010-12-30
39892,12/30/2010,Completed,01/03/2011,10-02072877,Sanitation Code Violation,Other,4321 N MCVICKER AVE,60634.0,1135241.14438305,1928101.41992029,38.0,16.0,15.0,41.95889811935854,-87.77819444551243,"(41.95889811935854, -87.77819444551243)",2010-12-30
39893,12/30/2010,Completed,01/03/2011,10-02073021,Sanitation Code Violation,Other,6045 S KILPATRICK AVE,60629.0,1146072.87002295,1864112.55149833,13.0,8.0,64.0,41.783105372038506,-87.73999827219639,"(41.783105372038506, -87.73999827219639)",2010-12-30
39894,12/30/2010,Completed,01/03/2011,10-02073065,Sanitation Code Violation,,3755 W 67TH PL,60629.0,1152497.54708945,1859584.92318171,13.0,8.0,65.0,41.77055678322535,-87.71656208317377,"(41.77055678322535, -87.71656208317377)",2010-12-30
39895,12/30/2010,Completed,01/03/2011,10-02073093,Sanitation Code Violation,Other,3499 W BYRON ST,60618.0,1152363.09490547,1925705.68989223,35.0,17.0,16.0,41.952002437817065,-87.71531020869959,"(41.95200243781706, -87.7153102086996)",2010-12-30
39896,12/30/2010,Completed,01/03/2011,10-02073573,Sanitation Code Violation,Other,5506 N NASHVILLE AVE,60656.0,1131598.01458102,1936219.94333046,41.0,16.0,10.0,41.98124013957296,-87.79139950675554,"(41.981240139572954, -87.79139950675555)",2010-12-30
39897,12/30/2010,Completed,01/03/2011,10-02073848,Sanitation Code Violation,Other,5629 W WAVELAND AVE,60634.0,1138167.68656581,1924037.76547352,38.0,16.0,15.0,41.947694529747736,-87.76753376068659,"(41.947694529747736, -87.76753376068659)",2010-12-30
39898,12/30/2010,Completed,01/03/2011,10-02073906,Sanitation Code Violation,Other,6129 W WAVELAND AVE,60634.0,1134851.81428427,1923965.57778319,38.0,16.0,17.0,41.94755585729804,-87.77972402571939,"(41.94755585729805, -87.77972402571939)",2010-12-30
39899,12/30/2010,Completed,01/04/2011,10-02072077,Sanitation Code Violation,Dog feces in yard,7443 S COLES AVE,60649.0,1195420.48687114,1856308.98799203,7.0,3.0,43.0,41.760614990719255,-87.55933326306526,"(41.76061499071926, -87.55933326306527)",2010-12-30
39900,12/30/2010,Completed,01/04/2011,10-02072413,Sanitation Code Violation,Garbage in alley,4235 S CALUMET AVE,60653.0,1179136.76662575,1876998.22157616,3.0,2.0,38.0,41.8177747751761,-87.61838252034937,"(41.817774775176105, -87.61838252034937)",2010-12-30
39901,12/30/2010,Completed,01/04/2011,10-02073203,Sanitation Code Violation,Other,4800 W BYRON ST,60641.0,1143671.47062041,1925487.50943168,45.0,16.0,15.0,41.951571275662396,-87.74726648180672,"(41.9515712756624, -87.74726648180672)",2010-12-30
39902,12/30/2010,Completed,01/04/2011,10-02073259,Sanitation Code Violation,Other,3917 W WRIGHTWOOD AVE,60647.0,1149748.42857424,1917001.23639401,30.0,25.0,22.0,41.928168039589984,-87.72514882326796,"(41.928168039589984, -87.72514882326796)",2010-12-30
39903,12/30/2010,Completed,01/06/2011,10-02073843,Sanitation Code Violation,Overflowing carts,6308 S EBERHART AVE,60637.0,1180663.62188935,1863294.28431293,20.0,3.0,42.0,41.78013497559431,-87.61320275227959,"(41.78013497559431, -87.61320275227959)",2010-12-30
39904,12/30/2010,Completed,01/10/2011,10-02071220,Sanitation Code Violation,Other,2433 W POLK ST,60612.0,1160292.99360426,1896300.75007655,2.0,11.0,28.0,41.87115244381375,-87.68697437197494,"(41.87115244381375, -87.68697437197496)",2010-12-30
39905,12/30/2010,Completed,01/13/2011,10-02073075,Sanitation Code Violation,Garbage in yard,4344 W CRYSTAL ST,60651.0,1147184.80951211,1907972.18227282,37.0,25.0,23.0,41.9034409367325,-87.73480082781614,"(41.9034409367325, -87.73480082781614)",2010-12-30
39906,12/30/2010,Completed,01/13/2011,10-02073814,Sanitation Code Violation,Dumpster not being emptied,6127 N CLAREMONT AVE,60659.0,1159541.4693901,1940622.43151596,50.0,24.0,2.0,41.99278960891396,-87.68850967339476,"(41.99278960891396, -87.68850967339475)",2010-12-30
39907,12/30/2010,Completed,01/14/2011,10-02072265,Sanitation Code Violation,Other,1133 N LAWLER AVE,60651.0,1142489.61856746,1907074.4403223,37.0,15.0,25.0,41.901066029924586,-87.75206984046228,"(41.901066029924586, -87.75206984046228)",2010-12-30
39908,12/30/2010,Completed,01/18/2011,10-02073114,Sanitation Code Violation,Garbage in alley,5020 W WASHINGTON BLVD,60644.0,1142905.66249314,1900036.6185082002,28.0,15.0,25.0,41.8817456693907,-87.75071718465672,"(41.8817456693907, -87.75071718465672)",2010-12-30
39940,12/31/2010,Completed - Dup,01/03/2011,10-02074956,Sanitation Code Violation,Garbage in alley,5233 S WOOD ST,60609.0,1165234.32902458,1869990.16467857,16.0,9.0,61.0,41.7988499587492,-87.66957935126865,"(41.7988499587492, -87.66957935126865)",2010-12-31
39941,12/31/2010,Completed - Dup,01/03/2011,10-02075591,Sanitation Code Violation,Dumpster not being emptied,2457 W 79TH ST,60652.0,1161296.83996825,1852164.19117201,18.0,8.0,70.0,41.750015517060255,-87.68451225217699,"(41.750015517060255, -87.68451225217699)",2010-12-31
39942,12/31/2010,Completed - Dup,01/06/2011,10-02075213,Sanitation Code Violation,Dog feces in yard,10035 S MAPLEWOOD AVE,60655.0,1161143.49583396,1837899.05991874,19.0,22.0,72.0,41.71087286248348,-87.68546763301157,"(41.71087286248348, -87.68546763301157)",2010-12-31
39943,12/31/2010,Completed - Dup,01/10/2011,10-02074354,Sanitation Code Violation,Other,2433 W POLK ST,60612.0,1160292.99360426,1896300.75007655,2.0,11.0,28.0,41.87115244381375,-87.68697437197494,"(41.87115244381375, -87.68697437197496)",2010-12-31
39944,12/31/2010,Completed,01/02/2011,10-02074868,Sanitation Code Violation,Dog feces in yard,3337 S BELL AVE,60608.0,1161897.17438432,1882509.87830405,12.0,9.0,59.0,41.833275598800995,-87.68146919112404,"(41.83327559880099, -87.68146919112404)",2010-12-31
39945,12/31/2010,Completed,01/02/2011,10-02074885,Sanitation Code Violation,Construction Site Cleanliness/Fence,4513 S WASHTENAW AVE,60632.0,1159123.01371163,1874629.87787908,12.0,9.0,58.0,41.81170924117957,-87.69186402836536,"(41.81170924117957, -87.69186402836536)",2010-12-31
39946,12/31/2010,Completed,01/03/2011,10-02074223,Sanitation Code Violation,Dumpster not being emptied,1865 S HAMLIN AVE,60623.0,1151348.97092888,1890621.28000742,24.0,10.0,29.0,41.8557474342793,-87.7199603317173,"(41.855747434279294, -87.7199603317173)",2010-12-31
39947,12/31/2010,Completed,01/03/2011,10-02074255,Sanitation Code Violation,Overflowing carts,2630 N MILWAUKEE AVE,60647.0,1154353.90806796,1917541.47762631,35.0,14.0,22.0,41.92955961588662,-87.70821079036304,"(41.92955961588662, -87.70821079036305)",2010-12-31
39949,12/31/2010,Completed,01/03/2011,10-02074338,Sanitation Code Violation,Overflowing carts,2101 W ARMITAGE AVE,60647.0,1162030.53986951,1913279.06316627,32.0,14.0,22.0,41.91770621985375,-87.68012063713958,"(41.91770621985375, -87.68012063713958)",2010-12-31
39950,12/31/2010,Completed,01/03/2011,10-02074441,Sanitation Code Violation,Other,6936 S CALUMET AVE,60637.0,1179680.46538913,1858986.91987583,6.0,3.0,69.0,41.76833766713688,-87.61693866817218,"(41.76833766713688, -87.61693866817218)",2010-12-31
39951,12/31/2010,Completed,01/03/2011,10-02074545,Sanitation Code Violation,Other,6757 S ARTESIAN AVE,60629.0,1161205.78649221,1859777.66057724,15.0,8.0,66.0,41.77090987994389,-87.68463552792733,"(41.770909879943886, -87.68463552792733)",2010-12-31
39952,12/31/2010,Completed,01/03/2011,10-02074585,Sanitation Code Violation,Overflowing carts,400 S PULASKI RD,60624.0,1149793.55708053,1897723.98108957,24.0,11.0,26.0,41.8752684334111,-87.7254849107561,"(41.8752684334111, -87.7254849107561)",2010-12-31
39953,12/31/2010,Completed,01/03/2011,10-02074613,Sanitation Code Violation,Garbage in alley,5716 S ASHLAND AVE,60636.0,1166649.02092767,1866810.06007674,15.0,7.0,67.0,41.79009327809089,-87.66448209165466,"(41.790093278090886, -87.66448209165466)",2010-12-31
39954,12/31/2010,Completed,01/03/2011,10-02074701,Sanitation Code Violation,Garbage in alley,129 E 117TH ST,60628.0,1179153.1960341001,1827333.71990174,9.0,5.0,53.0,41.68148931081397,-87.61983301252995,"(41.68148931081398, -87.61983301252995)",2010-12-31
39955,12/31/2010,Completed,01/03/2011,10-02074758,Sanitation Code Violation,Garbage in alley,6536 S LOOMIS BLVD,60636.0,1168119.31998016,1861408.39002052,17.0,7.0,67.0,41.77523892024009,-87.6592461837879,"(41.77523892024009, -87.65924618378789)",2010-12-31
39956,12/31/2010,Completed,01/03/2011,10-02074820,Sanitation Code Violation,Dumpster not being emptied,2 W 103RD ST,60628.0,1178056.81777702,1836680.89332887,9.0,5.0,49.0,41.70716414613904,-87.62356438473489,"(41.70716414613904, -87.62356438473489)",2010-12-31
39957,12/31/2010,Completed,01/03/2011,10-02074837,Sanitation Code Violation,Garbage in alley,7115 S EAST END AVE,60649.0,1188764.98021396,1858117.03238473,5.0,3.0,43.0,41.76573815890461,-87.58366779726231,"(41.765738158904604, -87.58366779726231)",2010-12-31
39958,12/31/2010,Completed,01/03/2011,10-02074904,Sanitation Code Violation,Garbage in yard,4805 S KEDVALE AVE,60632.0,1149504.68340381,1872444.49840703,14.0,8.0,57.0,41.80590383694075,-87.72720056910309,"(41.80590383694075, -87.72720056910309)",2010-12-31
39959,12/31/2010,Completed,01/03/2011,10-02074992,Sanitation Code Violation,Dumpster not being emptied,936 W ROSCOE ST,60657.0,1169286.46248219,1922760.63479501,44.0,23.0,6.0,41.94356935829803,-87.65318589444195,"(41.94356935829802, -87.65318589444195)",2010-12-31
39960,12/31/2010,Completed,01/03/2011,10-02075171,Sanitation Code Violation,Garbage in yard,7430 S EBERHART AVE,60619.0,1180862.34408952,1855858.0654669,6.0,3.0,69.0,41.759724670362814,-87.61270263516383,"(41.75972467036281, -87.61270263516383)",2010-12-31
39961,12/31/2010,Completed,01/03/2011,10-02075571,Sanitation Code Violation,Garbage in alley,2457 W 79TH ST,60652.0,1161296.83996825,1852164.19117201,18.0,8.0,70.0,41.750015517060255,-87.68451225217699,"(41.750015517060255, -87.68451225217699)",2010-12-31
39962,12/31/2010,Completed,01/03/2011,10-02075706,Sanitation Code Violation,Construction Site Cleanliness/Fence,5900 S WOODLAWN AVE,60637.0,1185230.1274931002,1866127.94658634,5.0,21.0,41.0,41.787804623021714,-87.5963724036452,"(41.78780462302171, -87.5963724036452)",2010-12-31
39963,12/31/2010,Completed,01/04/2011,10-02074324,Sanitation Code Violation,Dog feces in yard,5526 W WINDSOR AVE,60630.0,1138675.78289545,1929727.3097173,45.0,16.0,15.0,41.96329795878479,-87.76552752654236,"(41.9632979587848, -87.76552752654236)",2010-12-31
39964,12/31/2010,Completed,01/04/2011,10-02074412,Sanitation Code Violation,Dog feces in yard,5803 S NEWLAND AVE,60638.0,1131056.02790076,1865276.8643175,23.0,8.0,56.0,41.78657163006598,-87.79502940408594,"(41.78657163006598, -87.79502940408594)",2010-12-31
39965,12/31/2010,Completed,01/04/2011,10-02074526,Sanitation Code Violation,Other,1234 W 48TH ST,60609.0,1168791.39451873,1872948.89122718,3.0,9.0,61.0,41.80689292018632,-87.65644935414385,"(41.806892920186314, -87.65644935414385)",2010-12-31
39966,12/31/2010,Completed,01/04/2011,10-02074563,Sanitation Code Violation,Garbage in alley,6657 W 63RD ST,60638.0,1133037.65000647,1862011.32907149,23.0,8.0,64.0,41.77757611152335,-87.7878395242807,"(41.777576111523345, -87.7878395242807)",2010-12-31
39967,12/31/2010,Completed,01/04/2011,10-02074625,Sanitation Code Violation,Garbage in yard,918 N HAMLIN AVE,60651.0,1150885.33777732,1905858.36729059,27.0,11.0,23.0,41.897568764042006,-87.7212632679117,"(41.897568764042006, -87.72126326791171)",2010-12-31
39968,12/31/2010,Completed,01/04/2011,10-02074663,Sanitation Code Violation,Garbage in alley,8245 S BUFFALO AVE,60617.0,1199579.17012792,1850748.75558967,7.0,4.0,46.0,41.74525365585965,-87.54427877630768,"(41.74525365585965, -87.54427877630768)",2010-12-31
39969,12/31/2010,Completed,01/04/2011,10-02075019,Sanitation Code Violation,Dumpster not being emptied,7842 S OGLESBY AVE,60649.0,1193226.69879068,1853427.10598795,7.0,4.0,43.0,41.75276076217815,-87.56746745401891,"(41.75276076217815, -87.56746745401892)",2010-12-31
39970,12/31/2010,Completed,01/04/2011,10-02075088,Sanitation Code Violation,Dog feces in yard,2826 N HARDING AVE,60618.0,1149566.51247979,1918500.53099031,30.0,25.0,21.0,41.932285773582635,-87.72577826442767,"(41.93228577358263, -87.72577826442767)",2010-12-31
39971,12/31/2010,Completed,01/04/2011,10-02075615,Sanitation Code Violation,Garbage in yard,3219 W HIRSCH ST,60651.0,1154643.27527628,1909129.88639238,26.0,14.0,23.0,41.90647171310589,-87.7073730565603,"(41.906471713105894, -87.70737305656031)",2010-12-31
39972,12/31/2010,Completed,01/05/2011,10-02074179,Sanitation Code Violation,Dumpster not being emptied,934 S BELL AVE,60612.0,1161526.8917306003,1895856.2374736,25.0,12.0,28.0,41.869907074567145,-87.68245665063449,"(41.869907074567145, -87.6824566506345)",2010-12-31
39973,12/31/2010,Completed,01/06/2011,10-02074488,Sanitation Code Violation,Dog feces in yard,10035 S MAPLEWOOD AVE,60655.0,1161143.49583396,1837899.05991874,19.0,22.0,72.0,41.71087286248348,-87.68546763301157,"(41.71087286248348, -87.68546763301157)",2010-12-31
39974,12/31/2010,Completed,01/06/2011,10-02074508,Sanitation Code Violation,Construction Site Cleanliness/Fence,1635 W 47TH ST,60609.0,1166117.92400491,1873544.84618419,20.0,9.0,61.0,41.808585648948544,-87.6662378316959,"(41.80858564894854, -87.6662378316959)",2010-12-31
39975,12/31/2010,Completed,01/06/2011,10-02074919,Sanitation Code Violation,Overflowing carts,5949 S UNION AVE,60621.0,1172652.23489693,1865398.40308963,20.0,7.0,68.0,41.78608926766757,-87.64251161076147,"(41.78608926766757, -87.64251161076147)",2010-12-31
39976,12/31/2010,Completed,01/06/2011,10-02075838,Sanitation Code Violation,,11500 S WESTERN AVE,60643.0,1162455.91872897,1828299.99502933,19.0,22.0,75.0,41.684504151154265,-87.68092751491453,"(41.684504151154265, -87.68092751491453)",2010-12-31
39977,12/31/2010,Completed,01/10/2011,10-02074505,Sanitation Code Violation,Dumpster not being emptied,407 W ADAMS ST,60606.0,1173470.02981267,1899381.7006134,2.0,1.0,28.0,41.87932431076341,-87.6385053483688,"(41.87932431076341, -87.6385053483688)",2010-12-31
39978,12/31/2010,Completed,01/11/2011,10-02075384,Sanitation Code Violation,Other,9720 S EMERALD AVE,60628.0,1173022.09889526,1840398.71062803,21.0,22.0,73.0,41.71747877649828,-87.64189214259811,"(41.71747877649828, -87.64189214259811)",2010-12-31
39979,12/31/2010,Completed,01/13/2011,10-02074950,Sanitation Code Violation,Dog feces in yard,4328 W AUGUSTA BLVD,60651.0,1147339.3425688,1906311.86218215,37.0,11.0,23.0,41.89888188327874,-87.73427577613892,"(41.89888188327874, -87.73427577613892)",2010-12-31
39980,12/31/2010,Completed,01/14/2011,10-02074471,Sanitation Code Violation,Dog feces in yard,5058 W CRYSTAL ST,60651.0,1142413.61368532,1907849.18338768,37.0,25.0,25.0,41.90319342593588,-87.7523297431876,"(41.90319342593588, -87.75232974318759)",2010-12-31
39981,12/31/2010,Completed,01/14/2011,10-02075559,Sanitation Code Violation,Garbage in alley,5508 W CORTLAND ST,60639.0,1139340.27991066,1911907.6426871999,37.0,25.0,25.0,41.91438687315732,-87.76351985476533,"(41.91438687315732, -87.76351985476535)",2010-12-31
39982,12/31/2010,Completed,01/18/2011,10-02074363,Sanitation Code Violation,Other,2500 W 24TH ST,60608.0,1160132.95391337,1887996.43221023,28.0,10.0,30.0,41.84836786235356,-87.68779117189148,"(41.84836786235356, -87.68779117189148)",2010-12-31
39983,12/31/2010,Completed,01/18/2011,10-02074848,Sanitation Code Violation,Garbage in yard,3332 W WALNUT ST,60624.0,1154098.47741554,1901428.79143139,28.0,11.0,27.0,41.88535006693235,-87.70957998860588,"(41.88535006693235, -87.70957998860587)",2010-12-31
39984,12/31/2010,Completed,01/19/2011,10-02074652,Sanitation Code Violation,Overflowing carts,12443 S UNION AVE,60628.0,1173909.91648858,1822357.87690717,34.0,5.0,53.0,41.66795234409748,-87.63917293268284,"(41.66795234409748, -87.63917293268284)",2010-12-31
39985,12/31/2010,Completed,01/20/2011,10-02074704,Sanitation Code Violation,Dumpster not being emptied,8700 S RACINE AVE,60620.0,1169843.50367712,1847099.20549149,21.0,22.0,71.0,41.73593537261775,-87.65334015457658,"(41.735935372617746, -87.6533401545766)",2010-12-31
