,route,date,daytype,rides
60171,3,2002-06-01,A,17763
60172,4,2002-06-01,A,20433
60173,6,2002-06-01,A,15811
60174,8,2002-06-01,A,14669
60175,9,2002-06-01,A,27694
60176,10,2002-06-01,A,1211
60177,11,2002-06-01,A,2173
60178,12,2002-06-01,A,7916
60179,18,2002-06-01,A,1055
60180,20,2002-06-01,A,16813
60181,21,2002-06-01,A,8425
60182,22,2002-06-01,A,15352
60183,27,2002-06-01,A,4955
60184,28,2002-06-01,A,9994
60185,29,2002-06-01,A,15711
60186,30,2002-06-01,A,2200
60187,34,2002-06-01,A,6777
60188,35,2002-06-01,A,4012
60189,36,2002-06-01,A,14685
60190,43,2002-06-01,A,737
60191,44,2002-06-01,A,2328
60192,47,2002-06-01,A,6647
60193,49,2002-06-01,A,21971
60194,50,2002-06-01,A,4743
60195,51,2002-06-01,A,4380
60196,52,2002-06-01,A,8545
60197,53,2002-06-01,A,16620
60198,54,2002-06-01,A,9134
60199,55,2002-06-01,A,11026
60200,56,2002-06-01,A,10366
60201,57,2002-06-01,A,2790
60202,59,2002-06-01,A,2537
60203,60,2002-06-01,A,9933
60204,62,2002-06-01,A,8228
60205,63,2002-06-01,A,20857
60206,65,2002-06-01,A,3434
60207,66,2002-06-01,A,18087
60208,67,2002-06-01,A,10196
60209,68,2002-06-01,A,613
60210,70,2002-06-01,A,8586
60211,71,2002-06-01,A,6529
60212,72,2002-06-01,A,12391
60213,73,2002-06-01,A,3182
60214,74,2002-06-01,A,11402
60215,75,2002-06-01,A,6505
60216,76,2002-06-01,A,7886
60217,77,2002-06-01,A,14568
60218,78,2002-06-01,A,6136
60219,79,2002-06-01,A,27721
60220,80,2002-06-01,A,10621
60221,81,2002-06-01,A,12162
60222,82,2002-06-01,A,14264
60223,84,2002-06-01,A,2500
60224,85,2002-06-01,A,7360
60225,87,2002-06-01,A,11848
60226,88,2002-06-01,A,622
60227,90,2002-06-01,A,3576
60228,91,2002-06-01,A,3478
60229,92,2002-06-01,A,4484
60230,93,2002-06-01,A,1684
60231,94,2002-06-01,A,5081
60232,97,2002-06-01,A,2074
60233,103,2002-06-01,A,1741
60234,106,2002-06-01,A,572
60235,111,2002-06-01,A,4676
60236,112,2002-06-01,A,1267
60237,119,2002-06-01,A,4542
60238,124,2002-06-01,A,450
60239,126,2002-06-01,A,5397
60240,130,2002-06-01,A,246
60241,145,2002-06-01,A,4126
60242,146,2002-06-01,A,5842
60243,147,2002-06-01,A,5134
60244,151,2002-06-01,A,17478
60245,152,2002-06-01,A,6422
60246,155,2002-06-01,A,4925
60247,168,2002-06-01,A,8
60248,169,2002-06-01,A,66
60249,171,2002-06-01,A,527
60250,172,2002-06-01,A,149
60251,173,2002-06-01,A,283
60252,201,2002-06-01,A,857
60253,49B,2002-06-01,A,3867
60254,52A,2002-06-01,A,4242
60255,53A,2002-06-01,A,3730
60256,54B,2002-06-01,A,4641
60257,55N,2002-06-01,A,161
60258,62H,2002-06-01,A,827
60259,63W,2002-06-01,A,815
60260,81W,2002-06-01,A,1259
60261,85A,2002-06-01,A,309
60262,8A,2002-06-01,A,2693
60263,90N,2002-06-01,A,152
60264,95E,2002-06-01,A,3859
60265,95W,2002-06-01,A,5187
60266,X21,2002-06-01,A,1424
60267,3,2002-06-02,U,10402
60268,4,2002-06-02,U,12060
60269,6,2002-06-02,U,8587
60270,8,2002-06-02,U,9651
60271,9,2002-06-02,U,19074
60272,10,2002-06-02,U,755
60273,11,2002-06-02,U,693
60274,12,2002-06-02,U,5922
60275,18,2002-06-02,U,588
60276,20,2002-06-02,U,11759
60277,21,2002-06-02,U,5084
60278,22,2002-06-02,U,12336
60279,27,2002-06-02,U,2727
60280,28,2002-06-02,U,6629
60281,29,2002-06-02,U,10089
60282,30,2002-06-02,U,666
60283,34,2002-06-02,U,3550
60284,35,2002-06-02,U,2001
60285,36,2002-06-02,U,10929
60286,43,2002-06-02,U,281
60287,44,2002-06-02,U,1771
60288,47,2002-06-02,U,3895
60289,49,2002-06-02,U,13512
60290,50,2002-06-02,U,2510
60291,51,2002-06-02,U,2402
60292,52,2002-06-02,U,5435
60293,53,2002-06-02,U,11033
60294,54,2002-06-02,U,6488
60295,55,2002-06-02,U,7246
60296,56,2002-06-02,U,7647
60297,57,2002-06-02,U,811
60298,60,2002-06-02,U,7463
60299,62,2002-06-02,U,5570
60300,63,2002-06-02,U,13345
60301,65,2002-06-02,U,2729
60302,66,2002-06-02,U,10817
60303,67,2002-06-02,U,7034
60304,68,2002-06-02,U,110
60305,70,2002-06-02,U,6132
60306,71,2002-06-02,U,3657
60307,72,2002-06-02,U,7912
60308,73,2002-06-02,U,1258
60309,74,2002-06-02,U,7007
60310,75,2002-06-02,U,4384
60311,76,2002-06-02,U,5859
60312,77,2002-06-02,U,9506
60313,78,2002-06-02,U,3648
60314,79,2002-06-02,U,15807
60315,80,2002-06-02,U,6515
60316,81,2002-06-02,U,8171
60317,82,2002-06-02,U,10248
60318,84,2002-06-02,U,1143
60319,85,2002-06-02,U,5635
60320,87,2002-06-02,U,6261
60321,88,2002-06-02,U,687
60322,90,2002-06-02,U,1486
60323,91,2002-06-02,U,2486
60324,92,2002-06-02,U,2651
60325,94,2002-06-02,U,3887
60326,97,2002-06-02,U,1528
60327,103,2002-06-02,U,1118
60328,106,2002-06-02,U,800
60329,111,2002-06-02,U,2221
60330,112,2002-06-02,U,1092
60331,119,2002-06-02,U,2800
60332,126,2002-06-02,U,3505
60333,130,2002-06-02,U,178
60334,145,2002-06-02,U,2215
60335,146,2002-06-02,U,4305
60336,151,2002-06-02,U,14362
60337,152,2002-06-02,U,3478
60338,155,2002-06-02,U,4750
60339,172,2002-06-02,U,77
60340,173,2002-06-02,U,259
60341,201,2002-06-02,U,233
60342,49B,2002-06-02,U,2585
60343,52A,2002-06-02,U,1943
60344,53A,2002-06-02,U,1779
60345,54B,2002-06-02,U,3040
60346,63W,2002-06-02,U,515
60347,81W,2002-06-02,U,520
60348,8A,2002-06-02,U,1934
60349,95E,2002-06-02,U,2874
60350,95W,2002-06-02,U,2912
60351,X21,2002-06-02,U,1409
60352,1,2002-06-03,W,8357
60353,2,2002-06-03,W,1281
60354,3,2002-06-03,W,23649
60355,4,2002-06-03,W,22910
60356,6,2002-06-03,W,18180
60357,7,2002-06-03,W,5696
60358,8,2002-06-03,W,20237
60359,9,2002-06-03,W,31685
60360,10,2002-06-03,W,659
60361,11,2002-06-03,W,4011
60362,12,2002-06-03,W,10820
60363,14,2002-06-03,W,9458
60364,17,2002-06-03,W,413
60365,18,2002-06-03,W,1595
60366,20,2002-06-03,W,26793
60367,21,2002-06-03,W,7624
60368,22,2002-06-03,W,20761
60369,24,2002-06-03,W,4977
60370,25,2002-06-03,W,484
60371,27,2002-06-03,W,5812
60372,28,2002-06-03,W,13882
60373,29,2002-06-03,W,18832
60374,30,2002-06-03,W,4012
60375,33,2002-06-03,W,635
60376,34,2002-06-03,W,9545
60377,35,2002-06-03,W,7106
60378,36,2002-06-03,W,15346
60379,37,2002-06-03,W,2350
60380,39,2002-06-03,W,2444
60381,43,2002-06-03,W,1435
60382,44,2002-06-03,W,6518
60383,47,2002-06-03,W,8960
60384,48,2002-06-03,W,1235
60385,49,2002-06-03,W,24131
60386,50,2002-06-03,W,7448
60387,51,2002-06-03,W,4986
60388,52,2002-06-03,W,11961
60389,53,2002-06-03,W,22057
60390,54,2002-06-03,W,11447
60391,55,2002-06-03,W,14531
60392,56,2002-06-03,W,15537
60393,57,2002-06-03,W,3422
60394,59,2002-06-03,W,5062
60395,60,2002-06-03,W,13895
60396,62,2002-06-03,W,15567
60397,63,2002-06-03,W,22138
60398,64,2002-06-03,W,138
60399,65,2002-06-03,W,7852
60400,66,2002-06-03,W,24427
60401,67,2002-06-03,W,14631
60402,68,2002-06-03,W,1544
60403,70,2002-06-03,W,10565
60404,71,2002-06-03,W,7007
60405,72,2002-06-03,W,15744
60406,73,2002-06-03,W,5503
60407,74,2002-06-03,W,14020
60408,75,2002-06-03,W,8497
60409,76,2002-06-03,W,13823
60410,77,2002-06-03,W,21864
60411,78,2002-06-03,W,9333
60412,79,2002-06-03,W,35336
60413,80,2002-06-03,W,12391
60414,81,2002-06-03,W,14050
60415,82,2002-06-03,W,19626
60416,84,2002-06-03,W,3976
60417,85,2002-06-03,W,14244
60418,86,2002-06-03,W,1494
60419,87,2002-06-03,W,17422
60420,88,2002-06-03,W,1621
60421,90,2002-06-03,W,2704
60422,91,2002-06-03,W,8711
60423,92,2002-06-03,W,8019
60424,93,2002-06-03,W,2457
60425,94,2002-06-03,W,10897
60426,96,2002-06-03,W,1183
60427,97,2002-06-03,W,3672
60428,100,2002-06-03,W,1417
60429,103,2002-06-03,W,3904
60430,106,2002-06-03,W,2451
60431,108,2002-06-03,W,2421
60432,111,2002-06-03,W,5970
60433,112,2002-06-03,W,4237
60434,119,2002-06-03,W,7846
60435,120,2002-06-03,W,975
60436,121,2002-06-03,W,1048
60437,122,2002-06-03,W,1211
60438,123,2002-06-03,W,934
60439,125,2002-06-03,W,1681
60440,126,2002-06-03,W,9837
60441,127,2002-06-03,W,99
60442,129,2002-06-03,W,836
60443,135,2002-06-03,W,2884
60444,136,2002-06-03,W,2137
60445,145,2002-06-03,W,8088
60446,146,2002-06-03,W,8151
60447,147,2002-06-03,W,9082
60448,151,2002-06-03,W,21310
60449,152,2002-06-03,W,11055
60450,155,2002-06-03,W,7046
60451,156,2002-06-03,W,9871
60452,157,2002-06-03,W,3086
60453,168,2002-06-03,W,91
60454,169,2002-06-03,W,324
60455,170,2002-06-03,W,212
60456,171,2002-06-03,W,862
60457,172,2002-06-03,W,860
60458,173,2002-06-03,W,206
60459,201,2002-06-03,W,1267
60460,202,2002-06-03,W,367
60461,203,2002-06-03,W,1921
60462,204,2002-06-03,W,1833
60463,49A,2002-06-03,W,681
60464,49B,2002-06-03,W,5492
60465,52A,2002-06-03,W,8365
60466,53A,2002-06-03,W,9118
60467,54A,2002-06-03,W,1559
60468,54B,2002-06-03,W,4616
60469,55N,2002-06-03,W,945
60470,56A,2002-06-03,W,542
60471,62H,2002-06-03,W,1298
60472,63W,2002-06-03,W,2090
60473,81W,2002-06-03,W,1757
60474,85A,2002-06-03,W,794
60475,8A,2002-06-03,W,3221
60476,90N,2002-06-03,W,472
60477,95E,2002-06-03,W,5671
60478,95W,2002-06-03,W,5717
60479,X49,2002-06-03,W,6374
60480,1,2002-06-04,W,8554
60481,2,2002-06-04,W,1316
60482,3,2002-06-04,W,22275
60483,4,2002-06-04,W,22372
60484,6,2002-06-04,W,17982
60485,7,2002-06-04,W,5353
60486,8,2002-06-04,W,18222
60487,9,2002-06-04,W,30080
60488,10,2002-06-04,W,852
60489,11,2002-06-04,W,2848
60490,12,2002-06-04,W,10250
60491,14,2002-06-04,W,10265
60492,17,2002-06-04,W,444
60493,18,2002-06-04,W,1383
60494,20,2002-06-04,W,22108
60495,21,2002-06-04,W,7996
60496,22,2002-06-04,W,19879
60497,24,2002-06-04,W,4223
60498,25,2002-06-04,W,246
60499,27,2002-06-04,W,5766
60500,28,2002-06-04,W,12206
60501,29,2002-06-04,W,16130
60502,30,2002-06-04,W,3565
60503,33,2002-06-04,W,712
60504,34,2002-06-04,W,6802
60505,35,2002-06-04,W,5829
60506,36,2002-06-04,W,14199
60507,37,2002-06-04,W,2419
60508,39,2002-06-04,W,2060
60509,43,2002-06-04,W,1173
60510,44,2002-06-04,W,5995
60511,47,2002-06-04,W,7554
60512,48,2002-06-04,W,1171
60513,49,2002-06-04,W,22860
60514,50,2002-06-04,W,7242
60515,51,2002-06-04,W,4472
60516,52,2002-06-04,W,12328
60517,53,2002-06-04,W,18601
60518,54,2002-06-04,W,10596
60519,55,2002-06-04,W,11462
60520,56,2002-06-04,W,14089
60521,57,2002-06-04,W,3622
60522,59,2002-06-04,W,3948
60523,60,2002-06-04,W,12074
60524,62,2002-06-04,W,14759
60525,63,2002-06-04,W,20422
60526,64,2002-06-04,W,111
60527,65,2002-06-04,W,6786
60528,66,2002-06-04,W,21598
60529,67,2002-06-04,W,12332
60530,68,2002-06-04,W,1333
60531,69,2002-06-04,W,432
60532,70,2002-06-04,W,11125
60533,71,2002-06-04,W,7267
60534,72,2002-06-04,W,12802
60535,73,2002-06-04,W,5645
60536,74,2002-06-04,W,11849
60537,75,2002-06-04,W,7069
60538,76,2002-06-04,W,11516
60539,77,2002-06-04,W,17554
60540,78,2002-06-04,W,7515
60541,79,2002-06-04,W,33028
60542,80,2002-06-04,W,10007
60543,81,2002-06-04,W,11850
60544,82,2002-06-04,W,16122
60545,84,2002-06-04,W,4196
60546,85,2002-06-04,W,11756
60547,86,2002-06-04,W,1469
60548,87,2002-06-04,W,16850
60549,88,2002-06-04,W,1583
60550,90,2002-06-04,W,2924
60551,91,2002-06-04,W,7465
60552,92,2002-06-04,W,7118
60553,93,2002-06-04,W,1703
60554,94,2002-06-04,W,9926
60555,96,2002-06-04,W,1135
60556,97,2002-06-04,W,3224
60557,100,2002-06-04,W,1106
60558,103,2002-06-04,W,3451
60559,106,2002-06-04,W,2611
60560,108,2002-06-04,W,2695
60561,111,2002-06-04,W,7187
60562,112,2002-06-04,W,4010
60563,119,2002-06-04,W,6704
60564,120,2002-06-04,W,1023
60565,121,2002-06-04,W,1419
60566,122,2002-06-04,W,1047
60567,123,2002-06-04,W,627
60568,125,2002-06-04,W,1768
60569,126,2002-06-04,W,9343
60570,127,2002-06-04,W,256
60571,129,2002-06-04,W,743
60572,135,2002-06-04,W,3066
60573,136,2002-06-04,W,2260
60574,145,2002-06-04,W,8044
60575,146,2002-06-04,W,8370
60576,147,2002-06-04,W,8715
60577,151,2002-06-04,W,22293
60578,152,2002-06-04,W,9801
60579,155,2002-06-04,W,6889
60580,156,2002-06-04,W,8895
60581,157,2002-06-04,W,3549
60582,168,2002-06-04,W,104
60583,169,2002-06-04,W,538
60584,170,2002-06-04,W,244
60585,171,2002-06-04,W,787
60586,172,2002-06-04,W,758
60587,173,2002-06-04,W,237
60588,201,2002-06-04,W,1094
60589,202,2002-06-04,W,436
60590,203,2002-06-04,W,1559
60591,204,2002-06-04,W,1245
60592,49A,2002-06-04,W,503
60593,49B,2002-06-04,W,4661
60594,52A,2002-06-04,W,7748
60595,53A,2002-06-04,W,8709
60596,54A,2002-06-04,W,1133
60597,54B,2002-06-04,W,4663
60598,55N,2002-06-04,W,1036
60599,56A,2002-06-04,W,480
60600,62H,2002-06-04,W,1607
60601,63W,2002-06-04,W,2428
60602,81W,2002-06-04,W,1653
60603,85A,2002-06-04,W,874
60604,8A,2002-06-04,W,3332
60605,90N,2002-06-04,W,424
60606,95E,2002-06-04,W,6137
60607,95W,2002-06-04,W,4315
60608,X49,2002-06-04,W,5401
60609,1,2002-06-05,W,8582
60610,2,2002-06-05,W,795
60611,3,2002-06-05,W,24907
60612,4,2002-06-05,W,23709
60613,6,2002-06-05,W,18916
60614,7,2002-06-05,W,5079
60615,8,2002-06-05,W,20674
60616,9,2002-06-05,W,32615
60617,10,2002-06-05,W,507
60618,11,2002-06-05,W,3634
60619,12,2002-06-05,W,10548
60620,14,2002-06-05,W,10286
60621,17,2002-06-05,W,647
60622,18,2002-06-05,W,1601
60623,20,2002-06-05,W,25735
60624,21,2002-06-05,W,8189
60625,22,2002-06-05,W,21173
60626,24,2002-06-05,W,4557
60627,25,2002-06-05,W,411
60628,27,2002-06-05,W,6896
60629,28,2002-06-05,W,13843
60630,29,2002-06-05,W,17567
60631,30,2002-06-05,W,4382
60632,33,2002-06-05,W,612
60633,34,2002-06-05,W,6105
60634,35,2002-06-05,W,6261
60635,36,2002-06-05,W,17436
60636,37,2002-06-05,W,2514
60637,39,2002-06-05,W,2589
60638,43,2002-06-05,W,1349
60639,44,2002-06-05,W,6273
60640,47,2002-06-05,W,8775
60641,48,2002-06-05,W,1112
60642,49,2002-06-05,W,24521
60643,50,2002-06-05,W,8314
60644,51,2002-06-05,W,4839
60645,52,2002-06-05,W,12769
60646,53,2002-06-05,W,21206
60647,54,2002-06-05,W,11506
60648,55,2002-06-05,W,12698
60649,56,2002-06-05,W,14747
60650,57,2002-06-05,W,2761
60651,59,2002-06-05,W,5140
60652,60,2002-06-05,W,13499
60653,62,2002-06-05,W,15320
60654,63,2002-06-05,W,22195
60655,64,2002-06-05,W,192
60656,65,2002-06-05,W,7472
60657,66,2002-06-05,W,23980
60658,67,2002-06-05,W,13931
60659,68,2002-06-05,W,1839
60660,69,2002-06-05,W,393
60661,70,2002-06-05,W,13406
60662,71,2002-06-05,W,8722
60663,72,2002-06-05,W,15203
60664,73,2002-06-05,W,5701
60665,74,2002-06-05,W,13393
60666,75,2002-06-05,W,9587
60667,76,2002-06-05,W,12116
60668,77,2002-06-05,W,21832
60669,78,2002-06-05,W,8912
60670,79,2002-06-05,W,33849
60671,80,2002-06-05,W,12333
60672,81,2002-06-05,W,15154
60673,82,2002-06-05,W,19870
60674,84,2002-06-05,W,4553
60675,85,2002-06-05,W,13625
60676,86,2002-06-05,W,1511
60677,87,2002-06-05,W,16691
60678,88,2002-06-05,W,1709
60679,90,2002-06-05,W,3843
60680,91,2002-06-05,W,8947
60681,92,2002-06-05,W,7933
60682,93,2002-06-05,W,2682
60683,94,2002-06-05,W,10340
60684,96,2002-06-05,W,1143
60685,97,2002-06-05,W,3853
60686,100,2002-06-05,W,1317
60687,103,2002-06-05,W,4155
60688,106,2002-06-05,W,2527
60689,108,2002-06-05,W,3253
60690,111,2002-06-05,W,5633
60691,112,2002-06-05,W,3677
60692,119,2002-06-05,W,6629
60693,120,2002-06-05,W,793
60694,121,2002-06-05,W,805
60695,122,2002-06-05,W,1293
60696,123,2002-06-05,W,574
60697,125,2002-06-05,W,1752
60698,126,2002-06-05,W,9101
60699,127,2002-06-05,W,121
60700,129,2002-06-05,W,681
60701,135,2002-06-05,W,2832
60702,136,2002-06-05,W,2138
60703,145,2002-06-05,W,7421
60704,146,2002-06-05,W,10632
60705,147,2002-06-05,W,9531
60706,151,2002-06-05,W,23552
60707,152,2002-06-05,W,11475
60708,155,2002-06-05,W,7241
60709,156,2002-06-05,W,9521
60710,157,2002-06-05,W,3261
60711,168,2002-06-05,W,91
60712,169,2002-06-05,W,461
60713,170,2002-06-05,W,212
60714,171,2002-06-05,W,904
60715,172,2002-06-05,W,933
60716,173,2002-06-05,W,251
60717,201,2002-06-05,W,1487
60718,202,2002-06-05,W,471
60719,203,2002-06-05,W,1586
60720,204,2002-06-05,W,1653
60721,49A,2002-06-05,W,610
60722,49B,2002-06-05,W,5596
60723,52A,2002-06-05,W,7639
60724,53A,2002-06-05,W,9480
60725,54A,2002-06-05,W,1325
60726,54B,2002-06-05,W,4870
60727,55N,2002-06-05,W,1041
60728,56A,2002-06-05,W,991
60729,62H,2002-06-05,W,1614
60730,63W,2002-06-05,W,2365
60731,81W,2002-06-05,W,1729
60732,85A,2002-06-05,W,910
60733,8A,2002-06-05,W,3180
60734,90N,2002-06-05,W,536
60735,95E,2002-06-05,W,6256
60736,95W,2002-06-05,W,5847
60737,X49,2002-06-05,W,5930
60738,1,2002-06-06,W,8739
60739,2,2002-06-06,W,1020
60740,3,2002-06-06,W,23756
60741,4,2002-06-06,W,23368
60742,6,2002-06-06,W,20737
60743,7,2002-06-06,W,6011
60744,8,2002-06-06,W,21929
60745,9,2002-06-06,W,31435
60746,10,2002-06-06,W,606
60747,11,2002-06-06,W,3341
60748,12,2002-06-06,W,10954
60749,14,2002-06-06,W,10076
60750,17,2002-06-06,W,487
60751,18,2002-06-06,W,1647
60752,20,2002-06-06,W,23333
60753,21,2002-06-06,W,7819
60754,22,2002-06-06,W,21077
60755,24,2002-06-06,W,4589
60756,25,2002-06-06,W,374
60757,27,2002-06-06,W,5405
60758,28,2002-06-06,W,12583
60759,29,2002-06-06,W,19698
60760,30,2002-06-06,W,4008
60761,33,2002-06-06,W,856
60762,34,2002-06-06,W,7477
60763,35,2002-06-06,W,6525
60764,36,2002-06-06,W,17114
60765,37,2002-06-06,W,1999
60766,39,2002-06-06,W,2410
60767,43,2002-06-06,W,1452
60768,44,2002-06-06,W,6492
60769,47,2002-06-06,W,9642
60770,48,2002-06-06,W,1158
60771,49,2002-06-06,W,24767
60772,50,2002-06-06,W,8893
60773,51,2002-06-06,W,4930
60774,52,2002-06-06,W,12996
60775,53,2002-06-06,W,22507
60776,54,2002-06-06,W,12522
60777,55,2002-06-06,W,13909
60778,56,2002-06-06,W,16156
60779,57,2002-06-06,W,3571
60780,59,2002-06-06,W,4935
60781,60,2002-06-06,W,13893
60782,62,2002-06-06,W,15914
60783,63,2002-06-06,W,26406
60784,64,2002-06-06,W,257
60785,65,2002-06-06,W,7558
60786,66,2002-06-06,W,23342
60787,67,2002-06-06,W,14374
60788,68,2002-06-06,W,1682
60789,69,2002-06-06,W,411
60790,70,2002-06-06,W,12456
60791,71,2002-06-06,W,7704
60792,72,2002-06-06,W,15600
60793,73,2002-06-06,W,5203
60794,74,2002-06-06,W,13659
60795,75,2002-06-06,W,9194
60796,76,2002-06-06,W,13144
60797,77,2002-06-06,W,21426
60798,78,2002-06-06,W,9550
60799,79,2002-06-06,W,33210
60800,80,2002-06-06,W,13744
60801,81,2002-06-06,W,15295
60802,82,2002-06-06,W,20786
60803,84,2002-06-06,W,4309
60804,85,2002-06-06,W,12349
60805,86,2002-06-06,W,1735
60806,87,2002-06-06,W,17598
60807,88,2002-06-06,W,1871
60808,90,2002-06-06,W,3880
60809,91,2002-06-06,W,8913
60810,92,2002-06-06,W,8772
60811,93,2002-06-06,W,2813
60812,94,2002-06-06,W,10965
60813,96,2002-06-06,W,1158
60814,97,2002-06-06,W,4341
60815,100,2002-06-06,W,2109
60816,103,2002-06-06,W,3377
60817,106,2002-06-06,W,2311
60818,108,2002-06-06,W,2904
60819,111,2002-06-06,W,6590
60820,112,2002-06-06,W,4126
60821,119,2002-06-06,W,6145
60822,120,2002-06-06,W,838
60823,121,2002-06-06,W,1144
60824,122,2002-06-06,W,1240
60825,123,2002-06-06,W,545
60826,125,2002-06-06,W,1502
60827,126,2002-06-06,W,10704
60828,127,2002-06-06,W,1
60829,129,2002-06-06,W,828
60830,135,2002-06-06,W,2335
60831,136,2002-06-06,W,1978
60832,145,2002-06-06,W,7932
60833,146,2002-06-06,W,9111
60834,147,2002-06-06,W,9381
60835,151,2002-06-06,W,24927
60836,152,2002-06-06,W,11565
60837,155,2002-06-06,W,8038
60838,156,2002-06-06,W,7984
60839,157,2002-06-06,W,3012
60840,168,2002-06-06,W,90
60841,169,2002-06-06,W,637
60842,170,2002-06-06,W,235
60843,171,2002-06-06,W,876
60844,172,2002-06-06,W,785
60845,173,2002-06-06,W,225
60846,201,2002-06-06,W,1621
60847,202,2002-06-06,W,474
60848,203,2002-06-06,W,1529
60849,204,2002-06-06,W,1796
60850,49A,2002-06-06,W,668
60851,49B,2002-06-06,W,6814
60852,52A,2002-06-06,W,7857
60853,53A,2002-06-06,W,9718
60854,54A,2002-06-06,W,1455
60855,54B,2002-06-06,W,4827
60856,55N,2002-06-06,W,1078
60857,56A,2002-06-06,W,699
60858,62H,2002-06-06,W,1561
60859,63W,2002-06-06,W,2158
60860,81W,2002-06-06,W,2229
60861,85A,2002-06-06,W,188
60862,8A,2002-06-06,W,3856
60863,90N,2002-06-06,W,512
60864,95E,2002-06-06,W,6928
60865,95W,2002-06-06,W,5959
60866,X49,2002-06-06,W,6135
60867,1,2002-06-07,W,6479
60868,2,2002-06-07,W,1692
60869,3,2002-06-07,W,24512
60870,4,2002-06-07,W,25581
60871,6,2002-06-07,W,21434
60872,7,2002-06-07,W,5405
60873,8,2002-06-07,W,22211
60874,9,2002-06-07,W,35772
60875,10,2002-06-07,W,716
60876,11,2002-06-07,W,3745
60877,12,2002-06-07,W,11545
60878,14,2002-06-07,W,8376
60879,17,2002-06-07,W,560
60880,18,2002-06-07,W,1760
60881,20,2002-06-07,W,24967
60882,21,2002-06-07,W,7753
60883,22,2002-06-07,W,21744
60884,24,2002-06-07,W,5022
60885,25,2002-06-07,W,358
60886,27,2002-06-07,W,4401
60887,28,2002-06-07,W,14282
60888,29,2002-06-07,W,17681
60889,30,2002-06-07,W,4236
60890,33,2002-06-07,W,549
60891,34,2002-06-07,W,8135
60892,35,2002-06-07,W,7099
60893,36,2002-06-07,W,16321
60894,37,2002-06-07,W,2548
60895,39,2002-06-07,W,2421
60896,43,2002-06-07,W,1338
60897,44,2002-06-07,W,6240
60898,47,2002-06-07,W,9683
60899,48,2002-06-07,W,1148
60900,49,2002-06-07,W,25249
60901,50,2002-06-07,W,7934
60902,51,2002-06-07,W,5364
60903,52,2002-06-07,W,14030
60904,53,2002-06-07,W,24154
60905,54,2002-06-07,W,11840
60906,55,2002-06-07,W,14550
60907,56,2002-06-07,W,16875
60908,57,2002-06-07,W,4308
60909,59,2002-06-07,W,4766
60910,60,2002-06-07,W,14182
60911,62,2002-06-07,W,15149
60912,63,2002-06-07,W,23169
60913,64,2002-06-07,W,104
60914,65,2002-06-07,W,6986
60915,66,2002-06-07,W,24400
60916,67,2002-06-07,W,12295
60917,68,2002-06-07,W,1815
60918,69,2002-06-07,W,431
60919,70,2002-06-07,W,13441
60920,71,2002-06-07,W,7780
60921,72,2002-06-07,W,16057
60922,73,2002-06-07,W,5660
60923,74,2002-06-07,W,12176
60924,75,2002-06-07,W,10072
60925,76,2002-06-07,W,13629
60926,77,2002-06-07,W,22019
60927,78,2002-06-07,W,8971
60928,79,2002-06-07,W,37855
60929,80,2002-06-07,W,13289
60930,81,2002-06-07,W,15662
60931,82,2002-06-07,W,23105
60932,84,2002-06-07,W,4171
60933,85,2002-06-07,W,13030
60934,86,2002-06-07,W,2858
60935,87,2002-06-07,W,18599
60936,88,2002-06-07,W,1841
60937,90,2002-06-07,W,4192
60938,91,2002-06-07,W,8641
60939,92,2002-06-07,W,7558
60940,93,2002-06-07,W,2314
60941,94,2002-06-07,W,9817
60942,96,2002-06-07,W,1188
60943,97,2002-06-07,W,3994
60944,100,2002-06-07,W,1340
60945,103,2002-06-07,W,4002
60946,106,2002-06-07,W,2445
60947,108,2002-06-07,W,2326
60948,111,2002-06-07,W,6461
60949,112,2002-06-07,W,3543
60950,119,2002-06-07,W,7785
60951,120,2002-06-07,W,807
60952,121,2002-06-07,W,1011
60953,122,2002-06-07,W,486
60954,123,2002-06-07,W,431
60955,125,2002-06-07,W,1570
60956,126,2002-06-07,W,9657
60957,127,2002-06-07,W,93
60958,129,2002-06-07,W,541
60959,135,2002-06-07,W,2465
60960,136,2002-06-07,W,2025
60961,145,2002-06-07,W,7901
60962,146,2002-06-07,W,9814
60963,147,2002-06-07,W,10020
60964,151,2002-06-07,W,24575
60965,152,2002-06-07,W,11925
60966,155,2002-06-07,W,7054
60967,156,2002-06-07,W,8984
60968,157,2002-06-07,W,2963
60969,168,2002-06-07,W,92
60970,169,2002-06-07,W,550
60971,170,2002-06-07,W,163
60972,171,2002-06-07,W,672
60973,172,2002-06-07,W,608
60974,173,2002-06-07,W,224
60975,201,2002-06-07,W,1490
60976,202,2002-06-07,W,441
60977,203,2002-06-07,W,1503
60978,204,2002-06-07,W,1464
60979,290S,2002-06-07,W,0
60980,49A,2002-06-07,W,690
60981,49B,2002-06-07,W,5379
60982,52A,2002-06-07,W,7460
60983,53A,2002-06-07,W,8844
60984,54A,2002-06-07,W,1576
60985,54B,2002-06-07,W,5305
60986,55N,2002-06-07,W,915
60987,56A,2002-06-07,W,580
60988,62H,2002-06-07,W,1641
60989,63W,2002-06-07,W,2193
60990,81W,2002-06-07,W,1847
60991,85A,2002-06-07,W,609
60992,8A,2002-06-07,W,3421
60993,90N,2002-06-07,W,558
60994,95E,2002-06-07,W,6916
60995,95W,2002-06-07,W,4661
60996,X49,2002-06-07,W,6086
60997,3,2002-06-08,A,16312
60998,4,2002-06-08,A,18544
60999,6,2002-06-08,A,14727
61000,8,2002-06-08,A,14366
61001,9,2002-06-08,A,26474
61002,10,2002-06-08,A,836
61003,11,2002-06-08,A,2405
61004,12,2002-06-08,A,7466
61005,18,2002-06-08,A,862
61006,20,2002-06-08,A,15017
61007,21,2002-06-08,A,7856
61008,22,2002-06-08,A,18382
61009,27,2002-06-08,A,4088
61010,28,2002-06-08,A,9572
61011,29,2002-06-08,A,16441
61012,30,2002-06-08,A,2293
61013,34,2002-06-08,A,5259
61014,35,2002-06-08,A,3872
61015,36,2002-06-08,A,13375
61016,43,2002-06-08,A,665
61017,44,2002-06-08,A,2006
61018,47,2002-06-08,A,5779
61019,49,2002-06-08,A,21587
61020,50,2002-06-08,A,5216
61021,51,2002-06-08,A,4301
61022,52,2002-06-08,A,8584
61023,53,2002-06-08,A,15651
61024,54,2002-06-08,A,9961
61025,55,2002-06-08,A,9759
61026,56,2002-06-08,A,10587
61027,57,2002-06-08,A,1617
61028,59,2002-06-08,A,2073
61029,60,2002-06-08,A,10704
61030,62,2002-06-08,A,8138
61031,63,2002-06-08,A,18387
61032,65,2002-06-08,A,4271
61033,66,2002-06-08,A,17038
61034,67,2002-06-08,A,9873
61035,68,2002-06-08,A,579
61036,70,2002-06-08,A,8305
61037,71,2002-06-08,A,5708
61038,72,2002-06-08,A,13489
61039,73,2002-06-08,A,4923
61040,74,2002-06-08,A,10176
61041,75,2002-06-08,A,6498
61042,76,2002-06-08,A,8261
61043,77,2002-06-08,A,14152
61044,78,2002-06-08,A,6464
61045,79,2002-06-08,A,25396
61046,80,2002-06-08,A,9923
61047,81,2002-06-08,A,12889
61048,82,2002-06-08,A,13375
61049,84,2002-06-08,A,2365
61050,85,2002-06-08,A,8005
61051,87,2002-06-08,A,11667
61052,88,2002-06-08,A,686
61053,90,2002-06-08,A,2541
61054,91,2002-06-08,A,3991
61055,92,2002-06-08,A,4123
61056,93,2002-06-08,A,2210
61057,94,2002-06-08,A,5360
61058,97,2002-06-08,A,2665
61059,103,2002-06-08,A,1664
61060,106,2002-06-08,A,606
61061,111,2002-06-08,A,3451
61062,112,2002-06-08,A,1593
61063,119,2002-06-08,A,4634
61064,124,2002-06-08,A,706
61065,126,2002-06-08,A,4917
61066,130,2002-06-08,A,267
61067,145,2002-06-08,A,3593
61068,146,2002-06-08,A,6443
61069,147,2002-06-08,A,5729
61070,151,2002-06-08,A,20372
61071,152,2002-06-08,A,4228
61072,155,2002-06-08,A,5593
61073,168,2002-06-08,A,6
61074,169,2002-06-08,A,77
61075,171,2002-06-08,A,189
61076,172,2002-06-08,A,82
61077,173,2002-06-08,A,202
61078,201,2002-06-08,A,599
61079,49B,2002-06-08,A,3642
61080,52A,2002-06-08,A,3896
61081,53A,2002-06-08,A,3805
61082,54B,2002-06-08,A,5063
61083,55N,2002-06-08,A,110
61084,62H,2002-06-08,A,590
61085,63W,2002-06-08,A,764
61086,81W,2002-06-08,A,1182
61087,85A,2002-06-08,A,480
61088,8A,2002-06-08,A,2995
61089,90N,2002-06-08,A,824
61090,95E,2002-06-08,A,5236
61091,95W,2002-06-08,A,4601
61092,X21,2002-06-08,A,1329
61093,3,2002-06-09,U,11367
61094,4,2002-06-09,U,12050
61095,6,2002-06-09,U,8720
61096,8,2002-06-09,U,10187
61097,9,2002-06-09,U,19382
61098,10,2002-06-09,U,629
61099,11,2002-06-09,U,1109
61100,12,2002-06-09,U,5998
61101,18,2002-06-09,U,600
61102,20,2002-06-09,U,10392
61103,21,2002-06-09,U,5051
61104,22,2002-06-09,U,13385
61105,27,2002-06-09,U,3403
61106,28,2002-06-09,U,7438
61107,29,2002-06-09,U,10052
61108,30,2002-06-09,U,702
61109,34,2002-06-09,U,3666
61110,35,2002-06-09,U,2363
61111,36,2002-06-09,U,12127
61112,43,2002-06-09,U,259
61113,44,2002-06-09,U,1628
61114,47,2002-06-09,U,4652
61115,49,2002-06-09,U,14253
61116,50,2002-06-09,U,3307
61117,51,2002-06-09,U,2590
61118,52,2002-06-09,U,7232
61119,53,2002-06-09,U,10296
61120,54,2002-06-09,U,8050
61121,55,2002-06-09,U,7877
61122,56,2002-06-09,U,7839
61123,57,2002-06-09,U,741
61124,60,2002-06-09,U,8433
61125,62,2002-06-09,U,5513
61126,63,2002-06-09,U,12870
61127,65,2002-06-09,U,3698
61128,66,2002-06-09,U,10428
61129,67,2002-06-09,U,6868
61130,68,2002-06-09,U,265
61131,70,2002-06-09,U,6345
61132,71,2002-06-09,U,4196
61133,72,2002-06-09,U,9692
61134,73,2002-06-09,U,1857
61135,74,2002-06-09,U,7099
61136,75,2002-06-09,U,5105
61137,76,2002-06-09,U,5948
61138,77,2002-06-09,U,11113
61139,78,2002-06-09,U,3530
61140,79,2002-06-09,U,17928
61141,80,2002-06-09,U,6940
61142,81,2002-06-09,U,8874
61143,82,2002-06-09,U,9782
61144,84,2002-06-09,U,1201
61145,85,2002-06-09,U,5619
61146,87,2002-06-09,U,7596
61147,88,2002-06-09,U,620
61148,90,2002-06-09,U,1685
61149,91,2002-06-09,U,2514
61150,92,2002-06-09,U,3412
61151,94,2002-06-09,U,3783
61152,97,2002-06-09,U,1539
61153,103,2002-06-09,U,1065
61154,106,2002-06-09,U,348
61155,111,2002-06-09,U,2694
61156,112,2002-06-09,U,1159
61157,119,2002-06-09,U,2545
61158,126,2002-06-09,U,3532
61159,130,2002-06-09,U,209
61160,145,2002-06-09,U,1979
61161,146,2002-06-09,U,4667
61162,151,2002-06-09,U,14699
61163,152,2002-06-09,U,2917
61164,155,2002-06-09,U,4649
61165,171,2002-06-09,U,7
61166,172,2002-06-09,U,146
61167,173,2002-06-09,U,121
61168,201,2002-06-09,U,431
61169,49B,2002-06-09,U,2413
61170,52A,2002-06-09,U,2206
61171,53A,2002-06-09,U,1927
61172,54B,2002-06-09,U,3064
61173,63W,2002-06-09,U,517
61174,81W,2002-06-09,U,565
61175,8A,2002-06-09,U,1659
61176,95E,2002-06-09,U,3492
61177,95W,2002-06-09,U,3254
61178,X21,2002-06-09,U,1704
61179,1,2002-06-10,W,8595
61180,2,2002-06-10,W,983
61181,3,2002-06-10,W,21311
61182,4,2002-06-10,W,20791
61183,6,2002-06-10,W,17599
61184,7,2002-06-10,W,5802
61185,8,2002-06-10,W,18805
61186,9,2002-06-10,W,28708
61187,10,2002-06-10,W,431
61188,11,2002-06-10,W,3246
61189,12,2002-06-10,W,10121
61190,14,2002-06-10,W,9216
61191,17,2002-06-10,W,322
61192,18,2002-06-10,W,1419
61193,20,2002-06-10,W,23647
61194,21,2002-06-10,W,7822
61195,22,2002-06-10,W,18695
61196,24,2002-06-10,W,4122
61197,25,2002-06-10,W,214
61198,27,2002-06-10,W,5855
61199,28,2002-06-10,W,12957
61200,29,2002-06-10,W,17205
61201,30,2002-06-10,W,3583
61202,33,2002-06-10,W,598
61203,34,2002-06-10,W,6770
61204,35,2002-06-10,W,6366
61205,36,2002-06-10,W,14232
61206,37,2002-06-10,W,2203
61207,39,2002-06-10,W,2039
61208,43,2002-06-10,W,1107
61209,44,2002-06-10,W,6164
61210,47,2002-06-10,W,8383
61211,48,2002-06-10,W,1226
61212,49,2002-06-10,W,23489
61213,50,2002-06-10,W,8973
61214,51,2002-06-10,W,4767
61215,52,2002-06-10,W,10645
61216,53,2002-06-10,W,20465
61217,54,2002-06-10,W,11005
61218,55,2002-06-10,W,10956
61219,56,2002-06-10,W,15628
61220,57,2002-06-10,W,3235
61221,59,2002-06-10,W,4266
61222,60,2002-06-10,W,12554
61223,62,2002-06-10,W,14319
61224,63,2002-06-10,W,21319
61225,64,2002-06-10,W,155
61226,65,2002-06-10,W,8653
61227,66,2002-06-10,W,19979
61228,67,2002-06-10,W,14792
61229,68,2002-06-10,W,1962
61230,69,2002-06-10,W,395
61231,70,2002-06-10,W,8988
61232,71,2002-06-10,W,7312
61233,72,2002-06-10,W,15381
61234,73,2002-06-10,W,5425
61235,74,2002-06-10,W,12176
61236,75,2002-06-10,W,7452
61237,76,2002-06-10,W,14978
61238,77,2002-06-10,W,20356
61239,78,2002-06-10,W,7965
61240,79,2002-06-10,W,34344
61241,80,2002-06-10,W,11603
61242,81,2002-06-10,W,14833
61243,82,2002-06-10,W,18977
61244,84,2002-06-10,W,3620
61245,85,2002-06-10,W,12225
61246,86,2002-06-10,W,1909
61247,87,2002-06-10,W,15797
61248,88,2002-06-10,W,1680
61249,90,2002-06-10,W,3938
61250,91,2002-06-10,W,8569
61251,92,2002-06-10,W,7557
61252,93,2002-06-10,W,3030
61253,94,2002-06-10,W,10865
61254,96,2002-06-10,W,970
61255,97,2002-06-10,W,3594
61256,100,2002-06-10,W,1156
61257,103,2002-06-10,W,3443
61258,106,2002-06-10,W,2156
61259,108,2002-06-10,W,2428
61260,111,2002-06-10,W,5604
61261,112,2002-06-10,W,4072
61262,119,2002-06-10,W,5914
61263,120,2002-06-10,W,732
61264,121,2002-06-10,W,1452
61265,122,2002-06-10,W,922
61266,123,2002-06-10,W,817
61267,125,2002-06-10,W,1542
61268,126,2002-06-10,W,11058
61269,127,2002-06-10,W,119
61270,129,2002-06-10,W,831
61271,135,2002-06-10,W,2868
61272,136,2002-06-10,W,2270
61273,145,2002-06-10,W,7487
61274,146,2002-06-10,W,7639
61275,147,2002-06-10,W,9331
61276,151,2002-06-10,W,22100
61277,152,2002-06-10,W,10568
61278,155,2002-06-10,W,7072
61279,156,2002-06-10,W,8868
61280,157,2002-06-10,W,3954
61281,168,2002-06-10,W,97
61282,169,2002-06-10,W,228
61283,170,2002-06-10,W,201
61284,171,2002-06-10,W,250
61285,172,2002-06-10,W,285
61286,173,2002-06-10,W,108
61287,201,2002-06-10,W,1399
61288,202,2002-06-10,W,503
61289,203,2002-06-10,W,1543
61290,204,2002-06-10,W,2112
61291,49A,2002-06-10,W,522
61292,49B,2002-06-10,W,4750
61293,52A,2002-06-10,W,7732
61294,53A,2002-06-10,W,9597
61295,54A,2002-06-10,W,1333
61296,54B,2002-06-10,W,4099
61297,55N,2002-06-10,W,893
61298,56A,2002-06-10,W,463
61299,62H,2002-06-10,W,1660
61300,63W,2002-06-10,W,2331
61301,81W,2002-06-10,W,1584
61302,85A,2002-06-10,W,836
61303,8A,2002-06-10,W,3898
61304,90N,2002-06-10,W,420
61305,95E,2002-06-10,W,5569
61306,95W,2002-06-10,W,6960
61307,X49,2002-06-10,W,6169
61308,1,2002-06-11,W,7525
61309,2,2002-06-11,W,1194
61310,3,2002-06-11,W,21593
61311,4,2002-06-11,W,25229
61312,6,2002-06-11,W,17042
61313,7,2002-06-11,W,4967
61314,8,2002-06-11,W,19198
61315,9,2002-06-11,W,31959
61316,10,2002-06-11,W,387
61317,11,2002-06-11,W,3918
61318,12,2002-06-11,W,10254
61319,14,2002-06-11,W,9820
61320,17,2002-06-11,W,718
61321,18,2002-06-11,W,1407
61322,20,2002-06-11,W,24010
61323,21,2002-06-11,W,8183
61324,22,2002-06-11,W,20310
61325,24,2002-06-11,W,4351
61326,25,2002-06-11,W,264
61327,27,2002-06-11,W,5483
61328,28,2002-06-11,W,12867
61329,29,2002-06-11,W,17430
61330,30,2002-06-11,W,3714
61331,33,2002-06-11,W,739
61332,34,2002-06-11,W,6947
61333,35,2002-06-11,W,6116
61334,36,2002-06-11,W,14005
61335,37,2002-06-11,W,2707
61336,39,2002-06-11,W,2270
61337,43,2002-06-11,W,1185
61338,44,2002-06-11,W,6110
61339,47,2002-06-11,W,8010
61340,48,2002-06-11,W,1039
61341,49,2002-06-11,W,25296
61342,50,2002-06-11,W,7585
61343,51,2002-06-11,W,4427
61344,52,2002-06-11,W,10980
61345,53,2002-06-11,W,21105
61346,54,2002-06-11,W,10588
61347,55,2002-06-11,W,12228
61348,56,2002-06-11,W,15600
61349,57,2002-06-11,W,3252
61350,59,2002-06-11,W,4180
61351,60,2002-06-11,W,13072
61352,62,2002-06-11,W,14801
61353,63,2002-06-11,W,21103
61354,64,2002-06-11,W,196
61355,65,2002-06-11,W,8366
61356,66,2002-06-11,W,22700
61357,67,2002-06-11,W,14587
61358,68,2002-06-11,W,1900
61359,69,2002-06-11,W,398
61360,70,2002-06-11,W,11337
61361,71,2002-06-11,W,6328
61362,72,2002-06-11,W,14742
61363,73,2002-06-11,W,5479
61364,74,2002-06-11,W,12653
61365,75,2002-06-11,W,6792
61366,76,2002-06-11,W,13181
61367,77,2002-06-11,W,21292
61368,78,2002-06-11,W,8437
61369,79,2002-06-11,W,32674
61370,80,2002-06-11,W,12934
61371,81,2002-06-11,W,13649
61372,82,2002-06-11,W,19712
61373,84,2002-06-11,W,4665
61374,85,2002-06-11,W,13556
61375,86,2002-06-11,W,1698
61376,87,2002-06-11,W,17244
61377,88,2002-06-11,W,1701
61378,90,2002-06-11,W,3407
61379,91,2002-06-11,W,9146
61380,92,2002-06-11,W,7362
61381,93,2002-06-11,W,2171
61382,94,2002-06-11,W,10775
61383,96,2002-06-11,W,1049
61384,97,2002-06-11,W,3512
61385,100,2002-06-11,W,1159
61386,103,2002-06-11,W,4108
61387,106,2002-06-11,W,2206
61388,108,2002-06-11,W,3060
61389,111,2002-06-11,W,7362
61390,112,2002-06-11,W,3153
61391,119,2002-06-11,W,5013
61392,120,2002-06-11,W,856
61393,121,2002-06-11,W,1125
61394,122,2002-06-11,W,1567
61395,123,2002-06-11,W,788
61396,125,2002-06-11,W,1854
61397,126,2002-06-11,W,7662
61398,127,2002-06-11,W,263
61399,129,2002-06-11,W,1065
61400,135,2002-06-11,W,2885
61401,136,2002-06-11,W,1874
61402,145,2002-06-11,W,8358
61403,146,2002-06-11,W,10536
61404,147,2002-06-11,W,9998
61405,151,2002-06-11,W,26190
61406,152,2002-06-11,W,10505
61407,155,2002-06-11,W,7464
61408,156,2002-06-11,W,9263
61409,157,2002-06-11,W,3303
61410,168,2002-06-11,W,97
61411,169,2002-06-11,W,991
61412,170,2002-06-11,W,210
61413,171,2002-06-11,W,264
61414,172,2002-06-11,W,426
61415,173,2002-06-11,W,41
61416,201,2002-06-11,W,1512
61417,202,2002-06-11,W,428
61418,203,2002-06-11,W,1692
61419,204,2002-06-11,W,1730
61420,49A,2002-06-11,W,813
61421,49B,2002-06-11,W,5434
61422,52A,2002-06-11,W,7233
61423,53A,2002-06-11,W,9378
61424,54A,2002-06-11,W,1268
61425,54B,2002-06-11,W,5298
61426,55N,2002-06-11,W,1052
61427,56A,2002-06-11,W,735
61428,62H,2002-06-11,W,1333
61429,63W,2002-06-11,W,2105
61430,81W,2002-06-11,W,1604
61431,85A,2002-06-11,W,512
61432,8A,2002-06-11,W,3630
61433,90N,2002-06-11,W,478
61434,95E,2002-06-11,W,6024
61435,95W,2002-06-11,W,5247
61436,X49,2002-06-11,W,5399
61437,1,2002-06-12,W,7313
61438,2,2002-06-12,W,1035
61439,3,2002-06-12,W,22778
61440,4,2002-06-12,W,23747
61441,6,2002-06-12,W,20821
61442,7,2002-06-12,W,5450
61443,8,2002-06-12,W,19431
61444,9,2002-06-12,W,31504
61445,10,2002-06-12,W,567
61446,11,2002-06-12,W,3652
61447,12,2002-06-12,W,10083
61448,14,2002-06-12,W,8577
61449,17,2002-06-12,W,372
61450,18,2002-06-12,W,1549
61451,20,2002-06-12,W,25301
61452,21,2002-06-12,W,8536
61453,22,2002-06-12,W,23028
61454,24,2002-06-12,W,5708
61455,25,2002-06-12,W,441
61456,27,2002-06-12,W,6947
61457,28,2002-06-12,W,12615
61458,29,2002-06-12,W,16450
61459,30,2002-06-12,W,3813
61460,33,2002-06-12,W,459
61461,34,2002-06-12,W,7509
61462,35,2002-06-12,W,6080
61463,36,2002-06-12,W,16063
61464,37,2002-06-12,W,2460
61465,39,2002-06-12,W,2119
61466,43,2002-06-12,W,1225
61467,44,2002-06-12,W,6208
61468,47,2002-06-12,W,9184
61469,48,2002-06-12,W,1326
61470,49,2002-06-12,W,24047
61471,50,2002-06-12,W,8252
61472,51,2002-06-12,W,4798
61473,52,2002-06-12,W,12618
61474,53,2002-06-12,W,21634
61475,54,2002-06-12,W,10946
61476,55,2002-06-12,W,12096
61477,56,2002-06-12,W,14946
61478,57,2002-06-12,W,3142
61479,59,2002-06-12,W,4235
61480,60,2002-06-12,W,12936
61481,62,2002-06-12,W,15658
61482,63,2002-06-12,W,22508
61483,64,2002-06-12,W,166
61484,65,2002-06-12,W,7687
61485,66,2002-06-12,W,22629
61486,67,2002-06-12,W,13629
61487,68,2002-06-12,W,1626
61488,69,2002-06-12,W,360
61489,70,2002-06-12,W,11565
61490,71,2002-06-12,W,6373
61491,72,2002-06-12,W,15023
61492,73,2002-06-12,W,5641
61493,74,2002-06-12,W,13412
61494,75,2002-06-12,W,8347
61495,76,2002-06-12,W,12997
61496,77,2002-06-12,W,21605
61497,78,2002-06-12,W,9940
61498,79,2002-06-12,W,34369
61499,80,2002-06-12,W,12391
61500,81,2002-06-12,W,13172
61501,82,2002-06-12,W,20376
61502,84,2002-06-12,W,3888
61503,85,2002-06-12,W,13605
61504,86,2002-06-12,W,1306
61505,87,2002-06-12,W,16740
61506,88,2002-06-12,W,1906
61507,90,2002-06-12,W,3780
61508,91,2002-06-12,W,9509
61509,92,2002-06-12,W,8274
61510,93,2002-06-12,W,2026
61511,94,2002-06-12,W,10912
61512,96,2002-06-12,W,1143
61513,97,2002-06-12,W,4184
61514,100,2002-06-12,W,1175
61515,103,2002-06-12,W,3592
61516,106,2002-06-12,W,2392
61517,108,2002-06-12,W,2690
61518,111,2002-06-12,W,5726
61519,112,2002-06-12,W,4064
61520,119,2002-06-12,W,5931
61521,120,2002-06-12,W,713
61522,121,2002-06-12,W,924
61523,122,2002-06-12,W,1168
61524,123,2002-06-12,W,753
61525,125,2002-06-12,W,2088
61526,126,2002-06-12,W,8648
61527,127,2002-06-12,W,331
61528,129,2002-06-12,W,502
61529,135,2002-06-12,W,2756
61530,136,2002-06-12,W,1839
61531,145,2002-06-12,W,8004
61532,146,2002-06-12,W,9604
61533,147,2002-06-12,W,10407
61534,151,2002-06-12,W,24023
61535,152,2002-06-12,W,11624
61536,155,2002-06-12,W,6918
61537,156,2002-06-12,W,9249
61538,157,2002-06-12,W,3417
61539,168,2002-06-12,W,101
61540,169,2002-06-12,W,792
61541,170,2002-06-12,W,112
61542,171,2002-06-12,W,245
61543,172,2002-06-12,W,522
61544,173,2002-06-12,W,127
61545,201,2002-06-12,W,1443
61546,202,2002-06-12,W,412
61547,203,2002-06-12,W,1707
61548,204,2002-06-12,W,1292
61549,290S,2002-06-12,W,1
61550,49A,2002-06-12,W,650
61551,49B,2002-06-12,W,5095
61552,52A,2002-06-12,W,7492
61553,53A,2002-06-12,W,9355
61554,54A,2002-06-12,W,1479
61555,54B,2002-06-12,W,4612
61556,55N,2002-06-12,W,1015
61557,56A,2002-06-12,W,829
61558,62H,2002-06-12,W,1460
61559,63W,2002-06-12,W,2070
61560,81W,2002-06-12,W,1946
61561,85A,2002-06-12,W,590
61562,8A,2002-06-12,W,2773
61563,90N,2002-06-12,W,544
61564,95E,2002-06-12,W,6295
61565,95W,2002-06-12,W,4855
61566,X49,2002-06-12,W,6275
61567,1,2002-06-13,W,7771
61568,2,2002-06-13,W,2346
61569,3,2002-06-13,W,21563
61570,4,2002-06-13,W,23861
61571,6,2002-06-13,W,18434
61572,7,2002-06-13,W,5397
61573,8,2002-06-13,W,18936
61574,9,2002-06-13,W,29721
61575,10,2002-06-13,W,662
61576,11,2002-06-13,W,3072
61577,12,2002-06-13,W,10737
61578,14,2002-06-13,W,11622
61579,17,2002-06-13,W,326
61580,18,2002-06-13,W,1550
61581,20,2002-06-13,W,20791
61582,21,2002-06-13,W,7299
61583,22,2002-06-13,W,21310
61584,24,2002-06-13,W,4259
61585,25,2002-06-13,W,266
61586,27,2002-06-13,W,6110
61587,28,2002-06-13,W,14243
61588,29,2002-06-13,W,19028
61589,30,2002-06-13,W,3620
61590,33,2002-06-13,W,1114
61591,34,2002-06-13,W,6232
61592,35,2002-06-13,W,6008
61593,36,2002-06-13,W,15462
61594,37,2002-06-13,W,2034
61595,39,2002-06-13,W,1821
61596,43,2002-06-13,W,1213
61597,44,2002-06-13,W,5673
61598,47,2002-06-13,W,7410
61599,48,2002-06-13,W,1045
61600,49,2002-06-13,W,23532
61601,50,2002-06-13,W,8970
61602,51,2002-06-13,W,4715
61603,52,2002-06-13,W,12305
61604,53,2002-06-13,W,20669
61605,54,2002-06-13,W,10521
61606,55,2002-06-13,W,11751
61607,56,2002-06-13,W,15557
61608,57,2002-06-13,W,3206
61609,59,2002-06-13,W,4782
61610,60,2002-06-13,W,13316
61611,62,2002-06-13,W,15148
61612,63,2002-06-13,W,23871
61613,64,2002-06-13,W,166
61614,65,2002-06-13,W,7133
61615,66,2002-06-13,W,22076
61616,67,2002-06-13,W,13430
61617,68,2002-06-13,W,1874
61618,69,2002-06-13,W,417
61619,70,2002-06-13,W,11254
61620,71,2002-06-13,W,7288
61621,72,2002-06-13,W,15115
61622,73,2002-06-13,W,5505
61623,74,2002-06-13,W,13088
61624,75,2002-06-13,W,9677
61625,76,2002-06-13,W,13479
61626,77,2002-06-13,W,21346
61627,78,2002-06-13,W,8569
61628,79,2002-06-13,W,36566
61629,80,2002-06-13,W,12101
61630,81,2002-06-13,W,12501
61631,82,2002-06-13,W,19748
61632,84,2002-06-13,W,4109
61633,85,2002-06-13,W,12230
61634,86,2002-06-13,W,1559
61635,87,2002-06-13,W,16294
61636,88,2002-06-13,W,1551
61637,90,2002-06-13,W,3779
61638,91,2002-06-13,W,8420
61639,92,2002-06-13,W,7758
61640,93,2002-06-13,W,2931
61641,94,2002-06-13,W,9962
61642,96,2002-06-13,W,1080
61643,97,2002-06-13,W,3739
61644,100,2002-06-13,W,999
61645,103,2002-06-13,W,3144
61646,106,2002-06-13,W,2421
61647,108,2002-06-13,W,2144
61648,111,2002-06-13,W,5607
61649,112,2002-06-13,W,4387
61650,119,2002-06-13,W,6102
61651,120,2002-06-13,W,879
61652,121,2002-06-13,W,946
61653,122,2002-06-13,W,1008
61654,123,2002-06-13,W,746
61655,125,2002-06-13,W,1811
61656,126,2002-06-13,W,8547
61657,127,2002-06-13,W,241
61658,129,2002-06-13,W,847
61659,135,2002-06-13,W,2385
61660,136,2002-06-13,W,2087
61661,145,2002-06-13,W,8211
61662,146,2002-06-13,W,10372
61663,147,2002-06-13,W,10390
61664,151,2002-06-13,W,21936
61665,152,2002-06-13,W,10872
61666,155,2002-06-13,W,7445
61667,156,2002-06-13,W,9803
61668,157,2002-06-13,W,3207
61669,168,2002-06-13,W,95
61670,169,2002-06-13,W,442
61671,170,2002-06-13,W,228
61672,171,2002-06-13,W,259
61673,172,2002-06-13,W,323
61674,173,2002-06-13,W,106
61675,201,2002-06-13,W,1413
61676,202,2002-06-13,W,385
61677,203,2002-06-13,W,1228
61678,204,2002-06-13,W,1023
61679,290S,2002-06-13,W,11
61680,49A,2002-06-13,W,555
61681,49B,2002-06-13,W,5271
61682,52A,2002-06-13,W,7643
61683,53A,2002-06-13,W,8903
61684,54A,2002-06-13,W,1404
61685,54B,2002-06-13,W,4549
61686,55N,2002-06-13,W,896
61687,56A,2002-06-13,W,622
61688,62H,2002-06-13,W,1278
61689,63W,2002-06-13,W,2207
61690,81W,2002-06-13,W,1803
61691,85A,2002-06-13,W,971
61692,8A,2002-06-13,W,3195
61693,90N,2002-06-13,W,524
61694,95E,2002-06-13,W,6269
61695,95W,2002-06-13,W,5141
61696,X49,2002-06-13,W,5562
61697,1,2002-06-14,W,6407
61698,2,2002-06-14,W,875
61699,3,2002-06-14,W,23063
61700,4,2002-06-14,W,23613
61701,6,2002-06-14,W,18184
61702,7,2002-06-14,W,4858
61703,8,2002-06-14,W,19586
61704,9,2002-06-14,W,31788
61705,10,2002-06-14,W,986
61706,11,2002-06-14,W,3246
61707,12,2002-06-14,W,11527
61708,14,2002-06-14,W,9510
61709,17,2002-06-14,W,510
61710,18,2002-06-14,W,1755
61711,20,2002-06-14,W,21052
61712,21,2002-06-14,W,7706
61713,22,2002-06-14,W,20172
61714,24,2002-06-14,W,4240
61715,25,2002-06-14,W,213
61716,27,2002-06-14,W,5463
61717,28,2002-06-14,W,13902
61718,29,2002-06-14,W,18533
61719,30,2002-06-14,W,3424
61720,33,2002-06-14,W,481
61721,34,2002-06-14,W,7070
61722,35,2002-06-14,W,6856
61723,36,2002-06-14,W,16390
61724,37,2002-06-14,W,2310
61725,39,2002-06-14,W,1974
61726,43,2002-06-14,W,1225
61727,44,2002-06-14,W,6344
61728,47,2002-06-14,W,8035
61729,48,2002-06-14,W,1295
61730,49,2002-06-14,W,23202
61731,50,2002-06-14,W,7004
61732,51,2002-06-14,W,5136
61733,52,2002-06-14,W,12699
61734,53,2002-06-14,W,23282
61735,54,2002-06-14,W,11696
61736,55,2002-06-14,W,13239
61737,56,2002-06-14,W,15028
61738,57,2002-06-14,W,2959
61739,59,2002-06-14,W,4614
61740,60,2002-06-14,W,14260
61741,62,2002-06-14,W,15377
61742,63,2002-06-14,W,21741
61743,64,2002-06-14,W,137
61744,65,2002-06-14,W,7273
61745,66,2002-06-14,W,25469
61746,67,2002-06-14,W,12921
61747,68,2002-06-14,W,1592
61748,69,2002-06-14,W,374
61749,70,2002-06-14,W,10581
61750,71,2002-06-14,W,8803
61751,72,2002-06-14,W,15247
61752,73,2002-06-14,W,4888
61753,74,2002-06-14,W,13999
61754,75,2002-06-14,W,9797
61755,76,2002-06-14,W,12357
61756,77,2002-06-14,W,21201
61757,78,2002-06-14,W,8071
61758,79,2002-06-14,W,34796
61759,80,2002-06-14,W,13834
61760,81,2002-06-14,W,12665
61761,82,2002-06-14,W,19971
61762,84,2002-06-14,W,4537
61763,85,2002-06-14,W,12841
61764,86,2002-06-14,W,1472
61765,87,2002-06-14,W,17156
61766,88,2002-06-14,W,1316
61767,90,2002-06-14,W,4007
61768,91,2002-06-14,W,8423
61769,92,2002-06-14,W,7027
61770,93,2002-06-14,W,2285
61771,94,2002-06-14,W,10416
61772,96,2002-06-14,W,1098
61773,97,2002-06-14,W,3730
61774,100,2002-06-14,W,1081
61775,103,2002-06-14,W,3718
61776,106,2002-06-14,W,1812
61777,108,2002-06-14,W,2515
61778,111,2002-06-14,W,5329
61779,112,2002-06-14,W,3140
61780,119,2002-06-14,W,5524
61781,120,2002-06-14,W,679
61782,121,2002-06-14,W,977
61783,122,2002-06-14,W,764
61784,123,2002-06-14,W,379
61785,125,2002-06-14,W,1482
61786,126,2002-06-14,W,9299
61787,127,2002-06-14,W,87
61788,129,2002-06-14,W,736
61789,135,2002-06-14,W,2562
61790,136,2002-06-14,W,1905
61791,145,2002-06-14,W,8795
61792,146,2002-06-14,W,9111
61793,147,2002-06-14,W,11139
61794,151,2002-06-14,W,27107
61795,152,2002-06-14,W,12377
61796,155,2002-06-14,W,6818
61797,156,2002-06-14,W,8103
61798,157,2002-06-14,W,3716
61799,168,2002-06-14,W,180
61800,169,2002-06-14,W,426
61801,170,2002-06-14,W,176
61802,171,2002-06-14,W,292
61803,172,2002-06-14,W,373
61804,173,2002-06-14,W,133
61805,201,2002-06-14,W,1322
61806,202,2002-06-14,W,362
61807,203,2002-06-14,W,1096
61808,204,2002-06-14,W,1337
61809,290S,2002-06-14,W,4
61810,49A,2002-06-14,W,708
61811,49B,2002-06-14,W,5037
61812,52A,2002-06-14,W,7893
61813,53A,2002-06-14,W,8154
61814,54A,2002-06-14,W,1226
61815,54B,2002-06-14,W,5124
61816,55N,2002-06-14,W,779
61817,56A,2002-06-14,W,598
61818,62H,2002-06-14,W,1461
61819,63W,2002-06-14,W,2153
61820,81W,2002-06-14,W,2049
61821,85A,2002-06-14,W,367
61822,8A,2002-06-14,W,3430
61823,90N,2002-06-14,W,504
61824,95E,2002-06-14,W,6447
61825,95W,2002-06-14,W,5372
61826,X49,2002-06-14,W,6021
61827,3,2002-06-15,A,18179
61828,4,2002-06-15,A,17778
61829,6,2002-06-15,A,12641
61830,8,2002-06-15,A,14746
61831,9,2002-06-15,A,23719
61832,10,2002-06-15,A,1080
61833,11,2002-06-15,A,2487
61834,12,2002-06-15,A,6945
61835,18,2002-06-15,A,777
61836,20,2002-06-15,A,15510
61837,21,2002-06-15,A,9832
61838,22,2002-06-15,A,16087
61839,27,2002-06-15,A,4105
61840,28,2002-06-15,A,9705
61841,29,2002-06-15,A,15100
61842,30,2002-06-15,A,2614
61843,34,2002-06-15,A,4947
61844,35,2002-06-15,A,3674
61845,36,2002-06-15,A,13767
61846,43,2002-06-15,A,686
61847,44,2002-06-15,A,1994
61848,47,2002-06-15,A,6475
61849,49,2002-06-15,A,22751
61850,50,2002-06-15,A,3902
61851,51,2002-06-15,A,4407
61852,52,2002-06-15,A,10026
61853,53,2002-06-15,A,16269
61854,54,2002-06-15,A,10329
61855,55,2002-06-15,A,10989
61856,56,2002-06-15,A,10899
61857,57,2002-06-15,A,1744
61858,59,2002-06-15,A,2312
61859,60,2002-06-15,A,10793
61860,62,2002-06-15,A,8334
61861,63,2002-06-15,A,18993
61862,65,2002-06-15,A,3866
61863,66,2002-06-15,A,16416
61864,67,2002-06-15,A,9888
61865,68,2002-06-15,A,636
61866,70,2002-06-15,A,8213
61867,71,2002-06-15,A,5769
61868,72,2002-06-15,A,11223
61869,73,2002-06-15,A,4596
61870,74,2002-06-15,A,11891
61871,75,2002-06-15,A,6294
61872,76,2002-06-15,A,7271
61873,77,2002-06-15,A,13048
61874,78,2002-06-15,A,6303
61875,79,2002-06-15,A,26217
61876,80,2002-06-15,A,10611
61877,81,2002-06-15,A,12214
61878,82,2002-06-15,A,13206
61879,84,2002-06-15,A,2547
61880,85,2002-06-15,A,7547
61881,87,2002-06-15,A,13901
61882,88,2002-06-15,A,707
61883,90,2002-06-15,A,3579
61884,91,2002-06-15,A,4515
61885,92,2002-06-15,A,4133
61886,93,2002-06-15,A,1768
61887,94,2002-06-15,A,5169
61888,97,2002-06-15,A,2148
61889,103,2002-06-15,A,1640
61890,106,2002-06-15,A,613
61891,111,2002-06-15,A,3765
61892,112,2002-06-15,A,1352
61893,119,2002-06-15,A,4599
61894,124,2002-06-15,A,496
61895,126,2002-06-15,A,4855
61896,130,2002-06-15,A,258
61897,145,2002-06-15,A,3815
61898,146,2002-06-15,A,6510
61899,147,2002-06-15,A,5447
61900,151,2002-06-15,A,15176
61901,152,2002-06-15,A,6399
61902,155,2002-06-15,A,6541
61903,168,2002-06-15,A,6
61904,169,2002-06-15,A,25
61905,171,2002-06-15,A,28
61906,172,2002-06-15,A,36
61907,173,2002-06-15,A,118
61908,201,2002-06-15,A,485
61909,49B,2002-06-15,A,3053
61910,52A,2002-06-15,A,3298
61911,53A,2002-06-15,A,3563
61912,54B,2002-06-15,A,5087
61913,55N,2002-06-15,A,122
61914,62H,2002-06-15,A,607
61915,63W,2002-06-15,A,954
61916,81W,2002-06-15,A,1043
61917,85A,2002-06-15,A,477
61918,8A,2002-06-15,A,3177
61919,90N,2002-06-15,A,176
61920,95E,2002-06-15,A,4810
61921,95W,2002-06-15,A,4619
61922,X21,2002-06-15,A,1584
61923,3,2002-06-16,U,11193
61924,4,2002-06-16,U,13024
61925,6,2002-06-16,U,8905
61926,8,2002-06-16,U,10423
61927,9,2002-06-16,U,20234
61928,10,2002-06-16,U,730
61929,11,2002-06-16,U,962
61930,12,2002-06-16,U,6262
61931,18,2002-06-16,U,1307
61932,20,2002-06-16,U,9460
61933,21,2002-06-16,U,5135
61934,22,2002-06-16,U,12545
61935,27,2002-06-16,U,2665
61936,28,2002-06-16,U,6945
61937,29,2002-06-16,U,11275
61938,30,2002-06-16,U,717
61939,34,2002-06-16,U,4337
61940,35,2002-06-16,U,2191
61941,36,2002-06-16,U,11127
61942,43,2002-06-16,U,252
61943,44,2002-06-16,U,1854
61944,47,2002-06-16,U,4536
61945,49,2002-06-16,U,15086
61946,50,2002-06-16,U,3035
61947,51,2002-06-16,U,2147
61948,52,2002-06-16,U,6133
61949,53,2002-06-16,U,12144
61950,54,2002-06-16,U,7002
61951,55,2002-06-16,U,8223
61952,56,2002-06-16,U,7852
61953,57,2002-06-16,U,905
61954,60,2002-06-16,U,8727
61955,62,2002-06-16,U,5361
61956,63,2002-06-16,U,14002
61957,65,2002-06-16,U,3040
61958,66,2002-06-16,U,11159
61959,67,2002-06-16,U,7586
61960,68,2002-06-16,U,291
61961,70,2002-06-16,U,7463
61962,71,2002-06-16,U,4005
61963,72,2002-06-16,U,8385
61964,73,2002-06-16,U,2073
61965,74,2002-06-16,U,7639
61966,75,2002-06-16,U,5091
61967,76,2002-06-16,U,6139
61968,77,2002-06-16,U,10339
61969,78,2002-06-16,U,3884
61970,79,2002-06-16,U,18417
61971,80,2002-06-16,U,7014
61972,81,2002-06-16,U,9087
61973,82,2002-06-16,U,9740
61974,84,2002-06-16,U,992
61975,85,2002-06-16,U,6270
61976,87,2002-06-16,U,7856
61977,88,2002-06-16,U,582
61978,90,2002-06-16,U,1765
61979,91,2002-06-16,U,2383
61980,92,2002-06-16,U,2953
61981,94,2002-06-16,U,4400
61982,97,2002-06-16,U,1648
61983,103,2002-06-16,U,1238
61984,106,2002-06-16,U,1207
61985,111,2002-06-16,U,1795
61986,112,2002-06-16,U,1098
61987,119,2002-06-16,U,2708
61988,126,2002-06-16,U,3910
61989,130,2002-06-16,U,233
61990,145,2002-06-16,U,1996
61991,146,2002-06-16,U,4458
61992,151,2002-06-16,U,14787
61993,152,2002-06-16,U,3990
61994,155,2002-06-16,U,4699
61995,171,2002-06-16,U,13
61996,172,2002-06-16,U,49
61997,173,2002-06-16,U,109
61998,201,2002-06-16,U,307
61999,290S,2002-06-16,U,1
62000,49B,2002-06-16,U,2819
62001,52A,2002-06-16,U,2308
62002,53A,2002-06-16,U,2234
62003,54B,2002-06-16,U,3211
62004,63W,2002-06-16,U,388
62005,81W,2002-06-16,U,594
62006,8A,2002-06-16,U,1886
62007,95E,2002-06-16,U,3912
62008,95W,2002-06-16,U,3023
62009,X21,2002-06-16,U,1523
62010,1,2002-06-17,W,8961
62011,2,2002-06-17,W,1184
62012,3,2002-06-17,W,24927
62013,4,2002-06-17,W,21965
62014,6,2002-06-17,W,18370
62015,7,2002-06-17,W,4967
62016,8,2002-06-17,W,19739
62017,9,2002-06-17,W,30994
62018,10,2002-06-17,W,448
62019,11,2002-06-17,W,3923
62020,12,2002-06-17,W,10820
62021,14,2002-06-17,W,9310
62022,17,2002-06-17,W,433
62023,18,2002-06-17,W,1498
62024,20,2002-06-17,W,24084
62025,21,2002-06-17,W,8166
62026,22,2002-06-17,W,20179
62027,24,2002-06-17,W,4546
62028,25,2002-06-17,W,270
62029,27,2002-06-17,W,5934
62030,28,2002-06-17,W,13083
62031,29,2002-06-17,W,17894
62032,30,2002-06-17,W,3874
62033,33,2002-06-17,W,624
62034,34,2002-06-17,W,6864
62035,35,2002-06-17,W,5794
62036,36,2002-06-17,W,15863
62037,37,2002-06-17,W,2139
62038,39,2002-06-17,W,2027
62039,43,2002-06-17,W,1270
62040,44,2002-06-17,W,6197
62041,47,2002-06-17,W,8558
62042,48,2002-06-17,W,1102
62043,49,2002-06-17,W,24117
62044,50,2002-06-17,W,8736
62045,51,2002-06-17,W,5045
62046,52,2002-06-17,W,12116
62047,53,2002-06-17,W,20535
62048,54,2002-06-17,W,11748
62049,55,2002-06-17,W,12401
62050,56,2002-06-17,W,15154
62051,57,2002-06-17,W,3469
62052,59,2002-06-17,W,4822
62053,60,2002-06-17,W,15724
62054,62,2002-06-17,W,14629
62055,63,2002-06-17,W,24354
62056,64,2002-06-17,W,220
62057,65,2002-06-17,W,7566
62058,66,2002-06-17,W,22052
62059,67,2002-06-17,W,13592
62060,68,2002-06-17,W,1271
62061,69,2002-06-17,W,321
62062,70,2002-06-17,W,10210
62063,71,2002-06-17,W,9203
62064,72,2002-06-17,W,16435
62065,73,2002-06-17,W,5701
62066,74,2002-06-17,W,13204
62067,75,2002-06-17,W,8511
62068,76,2002-06-17,W,13781
62069,77,2002-06-17,W,20064
62070,78,2002-06-17,W,8924
62071,79,2002-06-17,W,33336
62072,80,2002-06-17,W,13287
62073,81,2002-06-17,W,14832
62074,82,2002-06-17,W,19896
62075,84,2002-06-17,W,4355
62076,85,2002-06-17,W,13529
62077,86,2002-06-17,W,1588
62078,87,2002-06-17,W,14280
62079,88,2002-06-17,W,1501
62080,90,2002-06-17,W,3631
62081,91,2002-06-17,W,8522
62082,92,2002-06-17,W,7728
62083,93,2002-06-17,W,2533
62084,94,2002-06-17,W,10673
62085,96,2002-06-17,W,1131
62086,97,2002-06-17,W,3816
62087,100,2002-06-17,W,1253
62088,103,2002-06-17,W,2886
62089,106,2002-06-17,W,2511
62090,108,2002-06-17,W,2593
62091,111,2002-06-17,W,5576
62092,112,2002-06-17,W,4396
62093,119,2002-06-17,W,6339
62094,120,2002-06-17,W,559
62095,121,2002-06-17,W,1509
62096,122,2002-06-17,W,951
62097,123,2002-06-17,W,809
62098,125,2002-06-17,W,1706
62099,126,2002-06-17,W,9337
62100,127,2002-06-17,W,75
62101,129,2002-06-17,W,593
62102,135,2002-06-17,W,2298
62103,136,2002-06-17,W,2367
62104,145,2002-06-17,W,8372
62105,146,2002-06-17,W,9127
62106,147,2002-06-17,W,9971
62107,151,2002-06-17,W,22872
62108,152,2002-06-17,W,10737
62109,155,2002-06-17,W,6776
62110,156,2002-06-17,W,9317
62111,157,2002-06-17,W,3631
62112,168,2002-06-17,W,78
62113,169,2002-06-17,W,231
62114,170,2002-06-17,W,135
62115,171,2002-06-17,W,228
62116,172,2002-06-17,W,253
62117,173,2002-06-17,W,165
62118,201,2002-06-17,W,1473
62119,202,2002-06-17,W,461
62120,203,2002-06-17,W,1761
62121,204,2002-06-17,W,1232
62122,49A,2002-06-17,W,395
62123,49B,2002-06-17,W,6134
62124,52A,2002-06-17,W,7834
62125,53A,2002-06-17,W,8815
62126,54A,2002-06-17,W,1183
62127,54B,2002-06-17,W,4922
62128,55N,2002-06-17,W,1012
62129,56A,2002-06-17,W,759
62130,62H,2002-06-17,W,1593
62131,63W,2002-06-17,W,2075
62132,81W,2002-06-17,W,1799
62133,85A,2002-06-17,W,925
62134,8A,2002-06-17,W,3403
62135,90N,2002-06-17,W,493
62136,95E,2002-06-17,W,5431
62137,95W,2002-06-17,W,5495
62138,X49,2002-06-17,W,5305
62139,1,2002-06-18,W,8246
62140,2,2002-06-18,W,956
62141,3,2002-06-18,W,22232
62142,4,2002-06-18,W,23192
62143,6,2002-06-18,W,18418
62144,7,2002-06-18,W,5491
62145,8,2002-06-18,W,20317
62146,9,2002-06-18,W,33081
62147,10,2002-06-18,W,950
62148,11,2002-06-18,W,3510
62149,12,2002-06-18,W,10365
62150,14,2002-06-18,W,9665
62151,17,2002-06-18,W,396
62152,18,2002-06-18,W,2117
62153,20,2002-06-18,W,21594
62154,21,2002-06-18,W,9224
62155,22,2002-06-18,W,23417
62156,24,2002-06-18,W,4914
62157,25,2002-06-18,W,428
62158,27,2002-06-18,W,5524
62159,28,2002-06-18,W,14667
62160,29,2002-06-18,W,19114
62161,30,2002-06-18,W,3587
62162,33,2002-06-18,W,696
62163,34,2002-06-18,W,7347
62164,35,2002-06-18,W,6184
62165,36,2002-06-18,W,12833
62166,37,2002-06-18,W,2153
62167,39,2002-06-18,W,2025
62168,43,2002-06-18,W,1197
62169,44,2002-06-18,W,6068
62170,47,2002-06-18,W,8724
62171,48,2002-06-18,W,969
62172,49,2002-06-18,W,24461
62173,50,2002-06-18,W,8122
62174,51,2002-06-18,W,4684
62175,52,2002-06-18,W,12152
62176,53,2002-06-18,W,21259
62177,54,2002-06-18,W,12644
62178,55,2002-06-18,W,13490
62179,56,2002-06-18,W,15563
62180,57,2002-06-18,W,3504
62181,59,2002-06-18,W,4594
62182,60,2002-06-18,W,13849
62183,62,2002-06-18,W,15572
62184,63,2002-06-18,W,21887
62185,64,2002-06-18,W,234
62186,65,2002-06-18,W,9956
62187,66,2002-06-18,W,22326
62188,67,2002-06-18,W,12982
62189,68,2002-06-18,W,1672
62190,69,2002-06-18,W,286
62191,70,2002-06-18,W,10877
62192,71,2002-06-18,W,6594
62193,72,2002-06-18,W,15758
62194,73,2002-06-18,W,6247
62195,74,2002-06-18,W,13630
62196,75,2002-06-18,W,8440
62197,76,2002-06-18,W,13635
62198,77,2002-06-18,W,21703
62199,78,2002-06-18,W,8554
62200,79,2002-06-18,W,34657
62201,80,2002-06-18,W,12534
62202,81,2002-06-18,W,14771
62203,82,2002-06-18,W,18510
62204,84,2002-06-18,W,4221
62205,85,2002-06-18,W,14637
62206,86,2002-06-18,W,1558
62207,87,2002-06-18,W,17668
62208,88,2002-06-18,W,1801
62209,90,2002-06-18,W,3843
62210,91,2002-06-18,W,8339
62211,92,2002-06-18,W,9274
62212,93,2002-06-18,W,2158
62213,94,2002-06-18,W,10918
62214,96,2002-06-18,W,1047
62215,97,2002-06-18,W,3764
62216,100,2002-06-18,W,1509
62217,103,2002-06-18,W,3937
62218,106,2002-06-18,W,2393
62219,108,2002-06-18,W,1963
62220,111,2002-06-18,W,6647
62221,112,2002-06-18,W,4022
62222,119,2002-06-18,W,5389
62223,120,2002-06-18,W,1193
62224,121,2002-06-18,W,765
62225,122,2002-06-18,W,1286
62226,123,2002-06-18,W,870
62227,125,2002-06-18,W,1461
62228,126,2002-06-18,W,9348
62229,127,2002-06-18,W,30
62230,129,2002-06-18,W,926
62231,135,2002-06-18,W,2500
62232,136,2002-06-18,W,1930
62233,145,2002-06-18,W,8981
62234,146,2002-06-18,W,9620
62235,147,2002-06-18,W,10666
62236,151,2002-06-18,W,22965
62237,152,2002-06-18,W,11908
62238,154,2002-06-18,W,1
62239,155,2002-06-18,W,7198
62240,156,2002-06-18,W,10890
62241,157,2002-06-18,W,3372
62242,168,2002-06-18,W,104
62243,169,2002-06-18,W,525
62244,170,2002-06-18,W,203
62245,171,2002-06-18,W,223
62246,172,2002-06-18,W,318
62247,173,2002-06-18,W,69
62248,201,2002-06-18,W,1265
62249,202,2002-06-18,W,361
62250,203,2002-06-18,W,1352
62251,204,2002-06-18,W,1602
62252,49A,2002-06-18,W,658
62253,49B,2002-06-18,W,5677
62254,52A,2002-06-18,W,7090
62255,53A,2002-06-18,W,9152
62256,54A,2002-06-18,W,1360
62257,54B,2002-06-18,W,5194
62258,55N,2002-06-18,W,1057
62259,56A,2002-06-18,W,911
62260,62H,2002-06-18,W,1314
62261,63W,2002-06-18,W,2226
62262,81W,2002-06-18,W,2092
62263,85A,2002-06-18,W,1185
62264,8A,2002-06-18,W,3901
62265,90N,2002-06-18,W,420
62266,95E,2002-06-18,W,6724
62267,95W,2002-06-18,W,5200
62268,X49,2002-06-18,W,5671
62269,1,2002-06-19,W,8008
62270,2,2002-06-19,W,868
62271,3,2002-06-19,W,24955
62272,4,2002-06-19,W,23529
62273,6,2002-06-19,W,19265
62274,7,2002-06-19,W,5186
62275,8,2002-06-19,W,19676
62276,9,2002-06-19,W,33221
62277,10,2002-06-19,W,489
62278,11,2002-06-19,W,3524
62279,12,2002-06-19,W,10124
62280,14,2002-06-19,W,7863
62281,17,2002-06-19,W,439
62282,18,2002-06-19,W,1472
62283,20,2002-06-19,W,24940
62284,21,2002-06-19,W,8173
62285,22,2002-06-19,W,21450
62286,24,2002-06-19,W,4775
62287,25,2002-06-19,W,410
62288,27,2002-06-19,W,6622
62289,28,2002-06-19,W,12989
62290,29,2002-06-19,W,18685
62291,30,2002-06-19,W,3632
62292,33,2002-06-19,W,795
62293,34,2002-06-19,W,7664
62294,35,2002-06-19,W,7277
62295,36,2002-06-19,W,15324
62296,37,2002-06-19,W,2401
62297,39,2002-06-19,W,1975
62298,43,2002-06-19,W,1407
62299,44,2002-06-19,W,5721
62300,47,2002-06-19,W,8762
62301,48,2002-06-19,W,1002
62302,49,2002-06-19,W,25102
62303,50,2002-06-19,W,7411
62304,51,2002-06-19,W,4604
62305,52,2002-06-19,W,11815
62306,53,2002-06-19,W,20357
62307,54,2002-06-19,W,12474
62308,55,2002-06-19,W,13275
62309,56,2002-06-19,W,18777
62310,57,2002-06-19,W,3030
62311,59,2002-06-19,W,4093
62312,60,2002-06-19,W,13606
62313,62,2002-06-19,W,14611
62314,63,2002-06-19,W,21205
62315,64,2002-06-19,W,192
62316,65,2002-06-19,W,7497
62317,66,2002-06-19,W,24210
62318,67,2002-06-19,W,13718
62319,68,2002-06-19,W,1582
62320,69,2002-06-19,W,363
62321,70,2002-06-19,W,10928
62322,71,2002-06-19,W,7444
62323,72,2002-06-19,W,16505
62324,73,2002-06-19,W,5339
62325,74,2002-06-19,W,12820
62326,75,2002-06-19,W,9902
62327,76,2002-06-19,W,13516
62328,77,2002-06-19,W,20770
62329,78,2002-06-19,W,9527
62330,79,2002-06-19,W,36624
62331,80,2002-06-19,W,13087
62332,81,2002-06-19,W,15865
62333,82,2002-06-19,W,20569
62334,84,2002-06-19,W,4076
62335,85,2002-06-19,W,13895
62336,86,2002-06-19,W,1933
62337,87,2002-06-19,W,15486
62338,88,2002-06-19,W,1895
62339,90,2002-06-19,W,3651
62340,91,2002-06-19,W,7901
62341,92,2002-06-19,W,8291
62342,93,2002-06-19,W,2236
62343,94,2002-06-19,W,9858
62344,96,2002-06-19,W,1081
62345,97,2002-06-19,W,3740
62346,100,2002-06-19,W,1257
62347,103,2002-06-19,W,4005
62348,106,2002-06-19,W,1832
62349,108,2002-06-19,W,3576
62350,111,2002-06-19,W,5639
62351,112,2002-06-19,W,3777
62352,119,2002-06-19,W,6464
62353,120,2002-06-19,W,843
62354,121,2002-06-19,W,810
62355,122,2002-06-19,W,1291
62356,123,2002-06-19,W,797
62357,125,2002-06-19,W,1975
62358,126,2002-06-19,W,8463
62359,127,2002-06-19,W,130
62360,129,2002-06-19,W,717
62361,135,2002-06-19,W,2875
62362,136,2002-06-19,W,1668
62363,145,2002-06-19,W,7588
62364,146,2002-06-19,W,9942
62365,147,2002-06-19,W,10596
62366,151,2002-06-19,W,23861
62367,152,2002-06-19,W,12606
62368,155,2002-06-19,W,7460
62369,156,2002-06-19,W,8123
62370,157,2002-06-19,W,2946
62371,168,2002-06-19,W,85
62372,169,2002-06-19,W,494
62373,170,2002-06-19,W,196
62374,171,2002-06-19,W,232
62375,172,2002-06-19,W,331
62376,173,2002-06-19,W,84
62377,201,2002-06-19,W,1076
62378,202,2002-06-19,W,504
62379,203,2002-06-19,W,1369
62380,204,2002-06-19,W,1188
62381,290S,2002-06-19,W,19
62382,49A,2002-06-19,W,708
62383,49B,2002-06-19,W,4948
62384,52A,2002-06-19,W,7145
62385,53A,2002-06-19,W,8813
62386,54A,2002-06-19,W,1231
62387,54B,2002-06-19,W,4251
62388,55N,2002-06-19,W,875
62389,56A,2002-06-19,W,793
62390,62H,2002-06-19,W,1295
62391,63W,2002-06-19,W,2309
62392,81W,2002-06-19,W,1931
62393,85A,2002-06-19,W,831
62394,8A,2002-06-19,W,3416
62395,90N,2002-06-19,W,517
62396,95E,2002-06-19,W,6762
62397,95W,2002-06-19,W,5652
62398,X49,2002-06-19,W,4653
62399,1,2002-06-20,W,7893
62400,2,2002-06-20,W,1275
62401,3,2002-06-20,W,22799
62402,4,2002-06-20,W,23956
62403,6,2002-06-20,W,19872
62404,7,2002-06-20,W,5393
62405,8,2002-06-20,W,19787
62406,9,2002-06-20,W,30993
62407,10,2002-06-20,W,928
62408,11,2002-06-20,W,3359
62409,12,2002-06-20,W,10914
62410,14,2002-06-20,W,8668
62411,17,2002-06-20,W,582
62412,18,2002-06-20,W,1395
62413,19,2002-06-20,W,422
62414,20,2002-06-20,W,23275
62415,21,2002-06-20,W,7526
62416,22,2002-06-20,W,19925
62417,24,2002-06-20,W,4082
62418,25,2002-06-20,W,223
62419,27,2002-06-20,W,5379
62420,28,2002-06-20,W,14121
62421,29,2002-06-20,W,18175
62422,30,2002-06-20,W,2922
62423,33,2002-06-20,W,878
62424,34,2002-06-20,W,6505
62425,35,2002-06-20,W,5971
62426,36,2002-06-20,W,16005
62427,37,2002-06-20,W,1918
62428,39,2002-06-20,W,2119
62429,43,2002-06-20,W,1083
62430,44,2002-06-20,W,5440
62431,47,2002-06-20,W,7791
62432,48,2002-06-20,W,928
62433,49,2002-06-20,W,22600
62434,50,2002-06-20,W,6840
62435,51,2002-06-20,W,4476
62436,52,2002-06-20,W,12751
62437,53,2002-06-20,W,23046
62438,54,2002-06-20,W,12438
62439,55,2002-06-20,W,11433
62440,56,2002-06-20,W,15102
62441,57,2002-06-20,W,2800
62442,59,2002-06-20,W,4000
62443,60,2002-06-20,W,13050
62444,62,2002-06-20,W,13439
62445,63,2002-06-20,W,24283
62446,64,2002-06-20,W,173
62447,65,2002-06-20,W,7298
62448,66,2002-06-20,W,23712
62449,67,2002-06-20,W,12862
62450,68,2002-06-20,W,1790
62451,69,2002-06-20,W,385
62452,70,2002-06-20,W,12893
62453,71,2002-06-20,W,8304
62454,72,2002-06-20,W,16029
62455,73,2002-06-20,W,6064
62456,74,2002-06-20,W,13859
62457,75,2002-06-20,W,10079
62458,76,2002-06-20,W,12439
62459,77,2002-06-20,W,21399
62460,78,2002-06-20,W,9525
62461,79,2002-06-20,W,31539
62462,80,2002-06-20,W,12576
62463,81,2002-06-20,W,14516
62464,82,2002-06-20,W,17990
62465,84,2002-06-20,W,4089
62466,85,2002-06-20,W,12307
62467,86,2002-06-20,W,1563
62468,87,2002-06-20,W,16194
62469,88,2002-06-20,W,2094
62470,90,2002-06-20,W,4154
62471,91,2002-06-20,W,7986
62472,92,2002-06-20,W,8586
62473,93,2002-06-20,W,2182
62474,94,2002-06-20,W,10093
62475,96,2002-06-20,W,1159
62476,97,2002-06-20,W,4323
62477,100,2002-06-20,W,1320
62478,103,2002-06-20,W,3269
62479,106,2002-06-20,W,2086
62480,108,2002-06-20,W,3069
62481,111,2002-06-20,W,5739
62482,112,2002-06-20,W,3630
62483,119,2002-06-20,W,5232
62484,120,2002-06-20,W,1045
62485,121,2002-06-20,W,812
62486,122,2002-06-20,W,857
62487,123,2002-06-20,W,568
62488,125,2002-06-20,W,1646
62489,126,2002-06-20,W,8697
62490,127,2002-06-20,W,34
62491,129,2002-06-20,W,1006
62492,135,2002-06-20,W,3062
62493,136,2002-06-20,W,2141
62494,145,2002-06-20,W,8643
62495,146,2002-06-20,W,9416
62496,147,2002-06-20,W,10054
62497,151,2002-06-20,W,24796
62498,152,2002-06-20,W,11694
62499,155,2002-06-20,W,7546
62500,156,2002-06-20,W,9247
62501,157,2002-06-20,W,3051
62502,168,2002-06-20,W,95
62503,169,2002-06-20,W,490
62504,170,2002-06-20,W,201
62505,171,2002-06-20,W,243
62506,172,2002-06-20,W,399
62507,173,2002-06-20,W,116
62508,201,2002-06-20,W,1194
62509,202,2002-06-20,W,407
62510,203,2002-06-20,W,1810
62511,204,2002-06-20,W,1290
62512,290S,2002-06-20,W,31
62513,49A,2002-06-20,W,578
62514,49B,2002-06-20,W,4709
62515,52A,2002-06-20,W,7206
62516,53A,2002-06-20,W,8600
62517,54A,2002-06-20,W,1307
62518,54B,2002-06-20,W,4919
62519,55N,2002-06-20,W,775
62520,56A,2002-06-20,W,600
62521,62H,2002-06-20,W,1345
62522,63W,2002-06-20,W,1971
62523,81W,2002-06-20,W,2179
62524,85A,2002-06-20,W,862
62525,8A,2002-06-20,W,4261
62526,90N,2002-06-20,W,555
62527,95E,2002-06-20,W,6709
62528,95W,2002-06-20,W,5196
62529,X49,2002-06-20,W,6484
62530,1,2002-06-21,W,6846
62531,2,2002-06-21,W,1117
62532,3,2002-06-21,W,22278
62533,4,2002-06-21,W,25101
62534,6,2002-06-21,W,19516
62535,7,2002-06-21,W,4365
62536,8,2002-06-21,W,20268
62537,9,2002-06-21,W,31230
62538,10,2002-06-21,W,830
62539,11,2002-06-21,W,3574
62540,12,2002-06-21,W,11084
62541,14,2002-06-21,W,8097
62542,17,2002-06-21,W,863
62543,18,2002-06-21,W,1735
62544,20,2002-06-21,W,23763
62545,21,2002-06-21,W,8089
62546,22,2002-06-21,W,20246
62547,24,2002-06-21,W,3943
62548,25,2002-06-21,W,266
62549,27,2002-06-21,W,4196
62550,28,2002-06-21,W,13722
62551,29,2002-06-21,W,18618
62552,30,2002-06-21,W,3190
62553,33,2002-06-21,W,666
62554,34,2002-06-21,W,7036
62555,35,2002-06-21,W,6742
62556,36,2002-06-21,W,15279
62557,37,2002-06-21,W,1867
62558,39,2002-06-21,W,1743
62559,43,2002-06-21,W,1132
62560,44,2002-06-21,W,6071
62561,47,2002-06-21,W,8333
62562,48,2002-06-21,W,982
62563,49,2002-06-21,W,21903
62564,50,2002-06-21,W,7200
62565,51,2002-06-21,W,4693
62566,52,2002-06-21,W,13697
62567,53,2002-06-21,W,23685
62568,54,2002-06-21,W,11806
62569,55,2002-06-21,W,15422
62570,56,2002-06-21,W,16267
62571,57,2002-06-21,W,3004
62572,59,2002-06-21,W,4160
62573,60,2002-06-21,W,14445
62574,62,2002-06-21,W,14361
62575,63,2002-06-21,W,21238
62576,64,2002-06-21,W,192
62577,65,2002-06-21,W,6625
62578,66,2002-06-21,W,23340
62579,67,2002-06-21,W,14197
62580,68,2002-06-21,W,1359
62581,69,2002-06-21,W,394
62582,70,2002-06-21,W,10961
62583,71,2002-06-21,W,8261
62584,72,2002-06-21,W,15968
62585,73,2002-06-21,W,5636
62586,74,2002-06-21,W,14066
62587,75,2002-06-21,W,9887
62588,76,2002-06-21,W,13175
62589,77,2002-06-21,W,21039
62590,78,2002-06-21,W,8304
62591,79,2002-06-21,W,35086
62592,80,2002-06-21,W,11625
62593,81,2002-06-21,W,15706
62594,82,2002-06-21,W,19626
62595,84,2002-06-21,W,4225
62596,85,2002-06-21,W,13236
62597,86,2002-06-21,W,1666
62598,87,2002-06-21,W,17153
62599,88,2002-06-21,W,1581
62600,90,2002-06-21,W,4579
62601,91,2002-06-21,W,7741
62602,92,2002-06-21,W,8095
62603,93,2002-06-21,W,3163
62604,94,2002-06-21,W,8544
62605,96,2002-06-21,W,1205
62606,97,2002-06-21,W,3609
62607,100,2002-06-21,W,1179
62608,103,2002-06-21,W,3169
62609,106,2002-06-21,W,1555
62610,108,2002-06-21,W,2444
62611,111,2002-06-21,W,5496
62612,112,2002-06-21,W,3511
62613,119,2002-06-21,W,6124
62614,120,2002-06-21,W,716
62615,121,2002-06-21,W,1081
62616,122,2002-06-21,W,483
62617,123,2002-06-21,W,435
62618,125,2002-06-21,W,1456
62619,126,2002-06-21,W,8378
62620,127,2002-06-21,W,127
62621,129,2002-06-21,W,554
62622,135,2002-06-21,W,2197
62623,136,2002-06-21,W,1661
62624,145,2002-06-21,W,8257
62625,146,2002-06-21,W,9839
62626,147,2002-06-21,W,9749
62627,151,2002-06-21,W,26237
62628,152,2002-06-21,W,10995
62629,155,2002-06-21,W,7574
62630,156,2002-06-21,W,8495
62631,157,2002-06-21,W,3048
62632,168,2002-06-21,W,96
62633,169,2002-06-21,W,395
62634,170,2002-06-21,W,182
62635,171,2002-06-21,W,240
62636,172,2002-06-21,W,356
62637,173,2002-06-21,W,146
62638,201,2002-06-21,W,1144
62639,202,2002-06-21,W,312
62640,203,2002-06-21,W,2018
62641,204,2002-06-21,W,1161
62642,290S,2002-06-21,W,5
62643,49A,2002-06-21,W,599
62644,49B,2002-06-21,W,4727
62645,52A,2002-06-21,W,6472
62646,53A,2002-06-21,W,8033
62647,54A,2002-06-21,W,1427
62648,54B,2002-06-21,W,5792
62649,55N,2002-06-21,W,644
62650,56A,2002-06-21,W,436
62651,62H,2002-06-21,W,1639
62652,63W,2002-06-21,W,1972
62653,81W,2002-06-21,W,1979
62654,85A,2002-06-21,W,413
62655,8A,2002-06-21,W,3252
62656,90N,2002-06-21,W,469
62657,95E,2002-06-21,W,6362
62658,95W,2002-06-21,W,5691
62659,X49,2002-06-21,W,6727
62660,3,2002-06-22,A,17275
62661,4,2002-06-22,A,18018
62662,6,2002-06-22,A,13615
62663,8,2002-06-22,A,14443
62664,9,2002-06-22,A,25972
62665,10,2002-06-22,A,908
62666,11,2002-06-22,A,2237
62667,12,2002-06-22,A,6632
62668,18,2002-06-22,A,760
62669,20,2002-06-22,A,13372
62670,21,2002-06-22,A,9710
62671,22,2002-06-22,A,16718
62672,27,2002-06-22,A,3717
62673,28,2002-06-22,A,9508
62674,29,2002-06-22,A,17184
62675,30,2002-06-22,A,2715
62676,34,2002-06-22,A,4475
62677,35,2002-06-22,A,3470
62678,36,2002-06-22,A,12452
62679,43,2002-06-22,A,612
62680,44,2002-06-22,A,2098
62681,47,2002-06-22,A,5480
62682,49,2002-06-22,A,21037
62683,50,2002-06-22,A,3758
62684,51,2002-06-22,A,4076
62685,52,2002-06-22,A,8111
62686,53,2002-06-22,A,16421
62687,54,2002-06-22,A,10762
62688,55,2002-06-22,A,9445
62689,56,2002-06-22,A,13437
62690,57,2002-06-22,A,1439
62691,59,2002-06-22,A,2637
62692,60,2002-06-22,A,11138
62693,62,2002-06-22,A,7660
62694,63,2002-06-22,A,17083
62695,65,2002-06-22,A,5317
62696,66,2002-06-22,A,17161
62697,67,2002-06-22,A,9687
62698,68,2002-06-22,A,511
62699,70,2002-06-22,A,7818
62700,71,2002-06-22,A,6370
62701,72,2002-06-22,A,11853
62702,73,2002-06-22,A,2961
62703,74,2002-06-22,A,9792
62704,75,2002-06-22,A,6066
62705,76,2002-06-22,A,8509
62706,77,2002-06-22,A,13081
62707,78,2002-06-22,A,7287
62708,79,2002-06-22,A,25492
62709,80,2002-06-22,A,9638
62710,81,2002-06-22,A,11889
62711,82,2002-06-22,A,13065
62712,84,2002-06-22,A,2199
62713,85,2002-06-22,A,7428
62714,87,2002-06-22,A,11625
62715,88,2002-06-22,A,668
62716,90,2002-06-22,A,3132
62717,91,2002-06-22,A,4489
62718,92,2002-06-22,A,5189
62719,93,2002-06-22,A,1448
62720,94,2002-06-22,A,4965
62721,97,2002-06-22,A,2551
62722,103,2002-06-22,A,2036
62723,106,2002-06-22,A,697
62724,111,2002-06-22,A,3193
62725,112,2002-06-22,A,1056
62726,119,2002-06-22,A,3715
62727,124,2002-06-22,A,2574
62728,126,2002-06-22,A,4470
62729,130,2002-06-22,A,331
62730,145,2002-06-22,A,3211
62731,146,2002-06-22,A,6481
62732,147,2002-06-22,A,5298
62733,151,2002-06-22,A,15896
62734,152,2002-06-22,A,5149
62735,155,2002-06-22,A,6601
62736,168,2002-06-22,A,5
62737,169,2002-06-22,A,87
62738,171,2002-06-22,A,16
62739,172,2002-06-22,A,36
62740,173,2002-06-22,A,209
62741,201,2002-06-22,A,608
62742,290S,2002-06-22,A,1
62743,49B,2002-06-22,A,3711
62744,52A,2002-06-22,A,3691
62745,53A,2002-06-22,A,3408
62746,54B,2002-06-22,A,4644
62747,55N,2002-06-22,A,112
62748,62H,2002-06-22,A,812
62749,63W,2002-06-22,A,684
62750,81W,2002-06-22,A,652
62751,85A,2002-06-22,A,267
62752,8A,2002-06-22,A,2821
62753,90N,2002-06-22,A,139
62754,95E,2002-06-22,A,3886
62755,95W,2002-06-22,A,4370
62756,X21,2002-06-22,A,837
62757,3,2002-06-23,U,11879
62758,4,2002-06-23,U,12879
62759,6,2002-06-23,U,8678
62760,8,2002-06-23,U,10068
62761,9,2002-06-23,U,18866
62762,10,2002-06-23,U,927
62763,11,2002-06-23,U,1059
62764,12,2002-06-23,U,5845
62765,18,2002-06-23,U,686
62766,20,2002-06-23,U,9937
62767,21,2002-06-23,U,7136
62768,22,2002-06-23,U,11656
62769,27,2002-06-23,U,2767
62770,28,2002-06-23,U,6858
62771,29,2002-06-23,U,10422
62772,30,2002-06-23,U,1385
62773,34,2002-06-23,U,3097
62774,35,2002-06-23,U,1692
62775,36,2002-06-23,U,10393
62776,43,2002-06-23,U,292
62777,44,2002-06-23,U,1630
62778,47,2002-06-23,U,3849
62779,49,2002-06-23,U,15033
62780,50,2002-06-23,U,2829
62781,51,2002-06-23,U,2229
62782,52,2002-06-23,U,8965
62783,53,2002-06-23,U,10850
62784,54,2002-06-23,U,6573
62785,55,2002-06-23,U,8101
62786,56,2002-06-23,U,8215
62787,57,2002-06-23,U,618
62788,60,2002-06-23,U,7900
62789,62,2002-06-23,U,6287
62790,63,2002-06-23,U,13527
62791,65,2002-06-23,U,2863
62792,66,2002-06-23,U,10954
62793,67,2002-06-23,U,7075
62794,68,2002-06-23,U,256
62795,70,2002-06-23,U,6342
62796,71,2002-06-23,U,3902
62797,72,2002-06-23,U,10534
62798,73,2002-06-23,U,1310
62799,74,2002-06-23,U,7947
62800,75,2002-06-23,U,5507
62801,76,2002-06-23,U,6513
62802,77,2002-06-23,U,10239
62803,78,2002-06-23,U,4814
62804,79,2002-06-23,U,18570
62805,80,2002-06-23,U,5673
62806,81,2002-06-23,U,10610
62807,82,2002-06-23,U,8152
62808,84,2002-06-23,U,1121
62809,85,2002-06-23,U,4882
62810,87,2002-06-23,U,6688
62811,88,2002-06-23,U,723
62812,90,2002-06-23,U,2019
62813,91,2002-06-23,U,2846
62814,92,2002-06-23,U,3088
62815,94,2002-06-23,U,3648
62816,97,2002-06-23,U,1460
62817,103,2002-06-23,U,1272
62818,106,2002-06-23,U,63
62819,111,2002-06-23,U,2339
62820,112,2002-06-23,U,1089
62821,119,2002-06-23,U,2831
62822,124,2002-06-23,U,249
62823,126,2002-06-23,U,3265
62824,130,2002-06-23,U,174
62825,145,2002-06-23,U,3324
62826,146,2002-06-23,U,4063
62827,151,2002-06-23,U,13717
62828,152,2002-06-23,U,3884
62829,154,2002-06-23,U,314
62830,155,2002-06-23,U,4114
62831,201,2002-06-23,U,189
62832,49B,2002-06-23,U,2576
62833,52A,2002-06-23,U,2336
62834,53A,2002-06-23,U,2023
62835,54B,2002-06-23,U,2866
62836,63W,2002-06-23,U,603
62837,81W,2002-06-23,U,522
62838,8A,2002-06-23,U,2024
62839,95E,2002-06-23,U,3238
62840,95W,2002-06-23,U,2610
62841,X21,2002-06-23,U,1033
62842,1,2002-06-24,W,7145
62843,2,2002-06-24,W,936
62844,3,2002-06-24,W,19990
62845,4,2002-06-24,W,21324
62846,6,2002-06-24,W,15592
62847,7,2002-06-24,W,4419
62848,8,2002-06-24,W,18039
62849,9,2002-06-24,W,27912
62850,10,2002-06-24,W,1194
62851,11,2002-06-24,W,3155
62852,12,2002-06-24,W,9902
62853,14,2002-06-24,W,7255
62854,17,2002-06-24,W,490
62855,18,2002-06-24,W,3349
62856,20,2002-06-24,W,24560
62857,21,2002-06-24,W,8397
62858,22,2002-06-24,W,21626
62859,24,2002-06-24,W,3206
62860,25,2002-06-24,W,216
62861,27,2002-06-24,W,4427
62862,28,2002-06-24,W,11834
62863,29,2002-06-24,W,15672
62864,30,2002-06-24,W,2859
62865,33,2002-06-24,W,1399
62866,34,2002-06-24,W,5977
62867,35,2002-06-24,W,5350
62868,36,2002-06-24,W,15007
62869,37,2002-06-24,W,2154
62870,39,2002-06-24,W,1894
62871,43,2002-06-24,W,1036
62872,44,2002-06-24,W,4654
62873,47,2002-06-24,W,7130
62874,48,2002-06-24,W,626
62875,49,2002-06-24,W,19246
62876,50,2002-06-24,W,7501
62877,51,2002-06-24,W,4420
62878,52,2002-06-24,W,11046
62879,53,2002-06-24,W,19073
62880,54,2002-06-24,W,11482
62881,55,2002-06-24,W,11686
62882,56,2002-06-24,W,15683
62883,57,2002-06-24,W,2116
62884,59,2002-06-24,W,3262
62885,60,2002-06-24,W,13679
62886,62,2002-06-24,W,13378
62887,63,2002-06-24,W,18281
62888,64,2002-06-24,W,328
62889,65,2002-06-24,W,6666
62890,66,2002-06-24,W,20867
62891,67,2002-06-24,W,12192
62892,68,2002-06-24,W,1009
62893,69,2002-06-24,W,323
62894,70,2002-06-24,W,9082
62895,71,2002-06-24,W,6546
62896,72,2002-06-24,W,14777
62897,73,2002-06-24,W,5192
62898,74,2002-06-24,W,12535
62899,75,2002-06-24,W,6850
62900,76,2002-06-24,W,12625
62901,77,2002-06-24,W,19109
62902,78,2002-06-24,W,8483
62903,79,2002-06-24,W,29172
62904,80,2002-06-24,W,10548
62905,81,2002-06-24,W,18304
62906,82,2002-06-24,W,17247
62907,84,2002-06-24,W,3881
62908,85,2002-06-24,W,10329
62909,86,2002-06-24,W,1165
62910,87,2002-06-24,W,13344
62911,88,2002-06-24,W,1532
62912,90,2002-06-24,W,3705
62913,91,2002-06-24,W,6990
62914,92,2002-06-24,W,7540
62915,93,2002-06-24,W,1979
62916,94,2002-06-24,W,10032
62917,96,2002-06-24,W,1765
62918,97,2002-06-24,W,3722
62919,100,2002-06-24,W,761
62920,103,2002-06-24,W,2935
62921,106,2002-06-24,W,1798
62922,108,2002-06-24,W,1921
62923,111,2002-06-24,W,4234
62924,112,2002-06-24,W,2756
62925,119,2002-06-24,W,4938
62926,120,2002-06-24,W,1158
62927,121,2002-06-24,W,809
62928,122,2002-06-24,W,540
62929,123,2002-06-24,W,594
62930,125,2002-06-24,W,2700
62931,126,2002-06-24,W,7523
62932,127,2002-06-24,W,645
62933,129,2002-06-24,W,528
62934,135,2002-06-24,W,2420
62935,136,2002-06-24,W,1676
62936,145,2002-06-24,W,7548
62937,146,2002-06-24,W,9668
62938,147,2002-06-24,W,9740
62939,151,2002-06-24,W,24204
62940,152,2002-06-24,W,9171
62941,154,2002-06-24,W,378
62942,155,2002-06-24,W,5786
62943,156,2002-06-24,W,9788
62944,157,2002-06-24,W,3174
62945,168,2002-06-24,W,85
62946,169,2002-06-24,W,291
62947,170,2002-06-24,W,234
62948,171,2002-06-24,W,72
62949,172,2002-06-24,W,291
62950,201,2002-06-24,W,1581
62951,202,2002-06-24,W,454
62952,203,2002-06-24,W,1215
62953,204,2002-06-24,W,1066
62954,49A,2002-06-24,W,703
62955,49B,2002-06-24,W,4373
62956,52A,2002-06-24,W,6750
62957,53A,2002-06-24,W,7526
62958,54A,2002-06-24,W,1310
62959,54B,2002-06-24,W,4582
62960,55N,2002-06-24,W,599
62961,56A,2002-06-24,W,640
62962,62H,2002-06-24,W,1221
62963,63W,2002-06-24,W,1912
62964,81W,2002-06-24,W,1517
62965,85A,2002-06-24,W,651
62966,8A,2002-06-24,W,2530
62967,90N,2002-06-24,W,550
62968,95E,2002-06-24,W,5216
62969,95W,2002-06-24,W,4877
62970,X49,2002-06-24,W,6007
62971,X80,2002-06-24,W,13
62972,X98,2002-06-24,W,335
62973,1,2002-06-25,W,6447
62974,2,2002-06-25,W,1058
62975,3,2002-06-25,W,20560
62976,4,2002-06-25,W,22146
62977,6,2002-06-25,W,15095
62978,7,2002-06-25,W,4662
62979,8,2002-06-25,W,18094
62980,9,2002-06-25,W,27706
62981,10,2002-06-25,W,864
62982,11,2002-06-25,W,3241
62983,12,2002-06-25,W,9333
62984,14,2002-06-25,W,9059
62985,17,2002-06-25,W,354
62986,18,2002-06-25,W,1371
62987,20,2002-06-25,W,24876
62988,21,2002-06-25,W,7577
62989,22,2002-06-25,W,22186
62990,24,2002-06-25,W,3573
62991,25,2002-06-25,W,171
62992,27,2002-06-25,W,4616
62993,28,2002-06-25,W,11604
62994,29,2002-06-25,W,17557
62995,30,2002-06-25,W,4167
62996,33,2002-06-25,W,587
62997,34,2002-06-25,W,5909
62998,35,2002-06-25,W,5822
62999,36,2002-06-25,W,15280
63000,37,2002-06-25,W,2667
63001,39,2002-06-25,W,2101
63002,43,2002-06-25,W,1227
63003,44,2002-06-25,W,5408
63004,47,2002-06-25,W,7650
63005,48,2002-06-25,W,801
63006,49,2002-06-25,W,23767
63007,50,2002-06-25,W,7534
63008,51,2002-06-25,W,4365
63009,52,2002-06-25,W,9458
63010,53,2002-06-25,W,23447
63011,54,2002-06-25,W,10385
63012,55,2002-06-25,W,11683
63013,56,2002-06-25,W,14721
63014,57,2002-06-25,W,2624
63015,59,2002-06-25,W,4326
63016,60,2002-06-25,W,16301
63017,62,2002-06-25,W,13356
63018,63,2002-06-25,W,21256
63019,64,2002-06-25,W,206
63020,65,2002-06-25,W,6759
63021,66,2002-06-25,W,23002
63022,67,2002-06-25,W,13410
63023,68,2002-06-25,W,1407
63024,69,2002-06-25,W,382
63025,70,2002-06-25,W,11375
63026,71,2002-06-25,W,7219
63027,72,2002-06-25,W,14249
63028,73,2002-06-25,W,5343
63029,74,2002-06-25,W,12593
63030,75,2002-06-25,W,5882
63031,76,2002-06-25,W,13927
63032,77,2002-06-25,W,19500
63033,78,2002-06-25,W,8134
63034,79,2002-06-25,W,31235
63035,80,2002-06-25,W,13730
63036,81,2002-06-25,W,14557
63037,82,2002-06-25,W,19254
63038,84,2002-06-25,W,4076
63039,85,2002-06-25,W,11310
63040,86,2002-06-25,W,2012
63041,87,2002-06-25,W,14041
63042,88,2002-06-25,W,1994
63043,90,2002-06-25,W,3822
63044,91,2002-06-25,W,7648
63045,92,2002-06-25,W,8741
63046,93,2002-06-25,W,1698
63047,94,2002-06-25,W,9993
63048,96,2002-06-25,W,1406
63049,97,2002-06-25,W,3820
63050,100,2002-06-25,W,583
63051,103,2002-06-25,W,3083
63052,106,2002-06-25,W,2577
63053,108,2002-06-25,W,2003
63054,111,2002-06-25,W,5047
63055,112,2002-06-25,W,3539
63056,119,2002-06-25,W,5500
63057,120,2002-06-25,W,1580
63058,121,2002-06-25,W,1381
63059,122,2002-06-25,W,408
63060,123,2002-06-25,W,233
63061,125,2002-06-25,W,2886
63062,126,2002-06-25,W,8180
63063,127,2002-06-25,W,379
63064,129,2002-06-25,W,649
63065,135,2002-06-25,W,3229
63066,136,2002-06-25,W,2207
63067,145,2002-06-25,W,7862
63068,146,2002-06-25,W,8815
63069,147,2002-06-25,W,9549
63070,151,2002-06-25,W,24740
63071,152,2002-06-25,W,10404
63072,155,2002-06-25,W,6279
63073,156,2002-06-25,W,9658
63074,157,2002-06-25,W,3375
63075,168,2002-06-25,W,97
63076,169,2002-06-25,W,501
63077,170,2002-06-25,W,287
63078,171,2002-06-25,W,100
63079,172,2002-06-25,W,277
63080,201,2002-06-25,W,1278
63081,202,2002-06-25,W,381
63082,203,2002-06-25,W,870
63083,204,2002-06-25,W,1154
63084,49A,2002-06-25,W,521
63085,49B,2002-06-25,W,5235
63086,52A,2002-06-25,W,7196
63087,53A,2002-06-25,W,8595
63088,54A,2002-06-25,W,1304
63089,54B,2002-06-25,W,4711
63090,55N,2002-06-25,W,728
63091,56A,2002-06-25,W,763
63092,62H,2002-06-25,W,1461
63093,63W,2002-06-25,W,2166
63094,81W,2002-06-25,W,1419
63095,85A,2002-06-25,W,1057
63096,8A,2002-06-25,W,3222
63097,90N,2002-06-25,W,349
63098,95E,2002-06-25,W,5251
63099,95W,2002-06-25,W,4567
63100,X49,2002-06-25,W,5265
63101,X80,2002-06-25,W,123
63102,X98,2002-06-25,W,410
63103,1,2002-06-26,W,7731
63104,2,2002-06-26,W,821
63105,3,2002-06-26,W,19328
63106,4,2002-06-26,W,21748
63107,6,2002-06-26,W,15298
63108,7,2002-06-26,W,4567
63109,8,2002-06-26,W,17071
63110,9,2002-06-26,W,28205
63111,10,2002-06-26,W,787
63112,11,2002-06-26,W,2818
63113,12,2002-06-26,W,9283
63114,14,2002-06-26,W,8841
63115,17,2002-06-26,W,501
63116,18,2002-06-26,W,1277
63117,20,2002-06-26,W,22015
63118,21,2002-06-26,W,7087
63119,22,2002-06-26,W,20518
63120,24,2002-06-26,W,3191
63121,25,2002-06-26,W,223
63122,27,2002-06-26,W,4124
63123,28,2002-06-26,W,11804
63124,29,2002-06-26,W,14942
63125,30,2002-06-26,W,2991
63126,33,2002-06-26,W,482
63127,34,2002-06-26,W,5901
63128,35,2002-06-26,W,4929
63129,36,2002-06-26,W,14572
63130,37,2002-06-26,W,2375
63131,39,2002-06-26,W,1728
63132,43,2002-06-26,W,1029
63133,44,2002-06-26,W,4290
63134,47,2002-06-26,W,8088
63135,48,2002-06-26,W,713
63136,49,2002-06-26,W,19324
63137,50,2002-06-26,W,7861
63138,51,2002-06-26,W,4122
63139,52,2002-06-26,W,9238
63140,53,2002-06-26,W,19488
63141,54,2002-06-26,W,10406
63142,55,2002-06-26,W,10550
63143,56,2002-06-26,W,14551
63144,57,2002-06-26,W,2775
63145,59,2002-06-26,W,3327
63146,60,2002-06-26,W,14791
63147,62,2002-06-26,W,12715
63148,63,2002-06-26,W,17134
63149,64,2002-06-26,W,157
63150,65,2002-06-26,W,7178
63151,66,2002-06-26,W,22118
63152,67,2002-06-26,W,12085
63153,68,2002-06-26,W,1375
63154,69,2002-06-26,W,355
63155,70,2002-06-26,W,10178
63156,71,2002-06-26,W,7266
63157,72,2002-06-26,W,14317
63158,73,2002-06-26,W,5832
63159,74,2002-06-26,W,11960
63160,75,2002-06-26,W,7691
63161,76,2002-06-26,W,13718
63162,77,2002-06-26,W,18811
63163,78,2002-06-26,W,9428
63164,79,2002-06-26,W,28118
63165,80,2002-06-26,W,12118
63166,81,2002-06-26,W,12490
63167,82,2002-06-26,W,16635
63168,84,2002-06-26,W,4468
63169,85,2002-06-26,W,11616
63170,86,2002-06-26,W,1443
63171,87,2002-06-26,W,13906
63172,88,2002-06-26,W,1476
63173,90,2002-06-26,W,3982
63174,91,2002-06-26,W,7068
63175,92,2002-06-26,W,7484
63176,93,2002-06-26,W,1712
63177,94,2002-06-26,W,9961
63178,96,2002-06-26,W,1545
63179,97,2002-06-26,W,4196
63180,100,2002-06-26,W,1073
63181,103,2002-06-26,W,2943
63182,106,2002-06-26,W,2131
63183,108,2002-06-26,W,1944
63184,111,2002-06-26,W,4640
63185,112,2002-06-26,W,2121
63186,119,2002-06-26,W,5621
63187,120,2002-06-26,W,1399
63188,121,2002-06-26,W,1346
63189,122,2002-06-26,W,359
63190,123,2002-06-26,W,333
63191,125,2002-06-26,W,2744
63192,126,2002-06-26,W,7347
63193,127,2002-06-26,W,225
63194,129,2002-06-26,W,747
63195,135,2002-06-26,W,2380
63196,136,2002-06-26,W,1748
63197,145,2002-06-26,W,8043
63198,146,2002-06-26,W,9901
63199,147,2002-06-26,W,10138
63200,151,2002-06-26,W,25745
63201,152,2002-06-26,W,8897
63202,155,2002-06-26,W,6563
63203,156,2002-06-26,W,9448
63204,157,2002-06-26,W,3125
63205,168,2002-06-26,W,72
63206,169,2002-06-26,W,465
63207,170,2002-06-26,W,263
63208,171,2002-06-26,W,76
63209,172,2002-06-26,W,265
63210,201,2002-06-26,W,1244
63211,202,2002-06-26,W,406
63212,203,2002-06-26,W,1859
63213,204,2002-06-26,W,1282
63214,290S,2002-06-26,W,9
63215,49A,2002-06-26,W,447
63216,49B,2002-06-26,W,4514
63217,52A,2002-06-26,W,6509
63218,53A,2002-06-26,W,8369
63219,54A,2002-06-26,W,1144
63220,54B,2002-06-26,W,4643
63221,55N,2002-06-26,W,684
63222,56A,2002-06-26,W,664
63223,62H,2002-06-26,W,1219
63224,63W,2002-06-26,W,2125
63225,81W,2002-06-26,W,1442
63226,85A,2002-06-26,W,933
63227,8A,2002-06-26,W,2565
63228,90N,2002-06-26,W,428
63229,95E,2002-06-26,W,5189
63230,95W,2002-06-26,W,4186
63231,X49,2002-06-26,W,6225
63232,X80,2002-06-26,W,420
63233,X98,2002-06-26,W,406
63234,1,2002-06-27,W,5886
63235,2,2002-06-27,W,885
63236,3,2002-06-27,W,21382
63237,4,2002-06-27,W,21479
63238,6,2002-06-27,W,17978
63239,7,2002-06-27,W,5228
63240,8,2002-06-27,W,18111
63241,9,2002-06-27,W,29337
63242,10,2002-06-27,W,916
63243,11,2002-06-27,W,3105
63244,12,2002-06-27,W,10331
63245,14,2002-06-27,W,8963
63246,17,2002-06-27,W,429
63247,18,2002-06-27,W,1377
63248,20,2002-06-27,W,23474
63249,21,2002-06-27,W,7264
63250,22,2002-06-27,W,21552
63251,24,2002-06-27,W,3284
63252,25,2002-06-27,W,525
63253,27,2002-06-27,W,4239
63254,28,2002-06-27,W,11212
63255,29,2002-06-27,W,17271
63256,30,2002-06-27,W,2794
63257,33,2002-06-27,W,678
63258,34,2002-06-27,W,4214
63259,35,2002-06-27,W,5392
63260,36,2002-06-27,W,15259
63261,37,2002-06-27,W,2093
63262,39,2002-06-27,W,2394
63263,43,2002-06-27,W,1281
63264,44,2002-06-27,W,5194
63265,47,2002-06-27,W,7854
63266,48,2002-06-27,W,664
63267,49,2002-06-27,W,19703
63268,50,2002-06-27,W,8769
63269,51,2002-06-27,W,3855
63270,52,2002-06-27,W,10136
63271,53,2002-06-27,W,20052
63272,54,2002-06-27,W,10554
63273,55,2002-06-27,W,13017
63274,56,2002-06-27,W,15944
63275,57,2002-06-27,W,2402
63276,59,2002-06-27,W,3704
63277,60,2002-06-27,W,14461
63278,62,2002-06-27,W,13621
63279,63,2002-06-27,W,19053
63280,64,2002-06-27,W,161
63281,65,2002-06-27,W,8191
63282,66,2002-06-27,W,24039
63283,67,2002-06-27,W,11464
63284,68,2002-06-27,W,1705
63285,69,2002-06-27,W,391
63286,70,2002-06-27,W,9823
63287,71,2002-06-27,W,7318
63288,72,2002-06-27,W,13958
63289,73,2002-06-27,W,4884
63290,74,2002-06-27,W,13288
63291,75,2002-06-27,W,8312
63292,76,2002-06-27,W,12612
63293,77,2002-06-27,W,20667
63294,78,2002-06-27,W,8677
63295,79,2002-06-27,W,29033
63296,80,2002-06-27,W,12534
63297,81,2002-06-27,W,16340
63298,82,2002-06-27,W,17583
63299,84,2002-06-27,W,3985
63300,85,2002-06-27,W,10182
63301,86,2002-06-27,W,1220
63302,87,2002-06-27,W,12767
63303,88,2002-06-27,W,1654
63304,90,2002-06-27,W,4089
63305,91,2002-06-27,W,7765
63306,92,2002-06-27,W,6709
63307,93,2002-06-27,W,2835
63308,94,2002-06-27,W,9499
63309,96,2002-06-27,W,1704
63310,97,2002-06-27,W,4250
63311,100,2002-06-27,W,1375
63312,103,2002-06-27,W,3373
63313,106,2002-06-27,W,2011
63314,108,2002-06-27,W,2359
63315,111,2002-06-27,W,5036
63316,112,2002-06-27,W,2706
63317,119,2002-06-27,W,6012
63318,120,2002-06-27,W,1895
63319,121,2002-06-27,W,1688
63320,122,2002-06-27,W,220
63321,123,2002-06-27,W,473
63322,125,2002-06-27,W,2622
63323,126,2002-06-27,W,7424
63324,127,2002-06-27,W,395
63325,129,2002-06-27,W,670
63326,135,2002-06-27,W,2084
63327,136,2002-06-27,W,1817
63328,145,2002-06-27,W,9781
63329,146,2002-06-27,W,9196
63330,147,2002-06-27,W,9673
63331,151,2002-06-27,W,24310
63332,152,2002-06-27,W,9436
63333,155,2002-06-27,W,7011
63334,156,2002-06-27,W,9448
63335,157,2002-06-27,W,2743
63336,168,2002-06-27,W,88
63337,169,2002-06-27,W,552
63338,170,2002-06-27,W,265
63339,171,2002-06-27,W,77
63340,172,2002-06-27,W,236
63341,201,2002-06-27,W,1835
63342,202,2002-06-27,W,441
63343,203,2002-06-27,W,1241
63344,204,2002-06-27,W,1658
63345,49A,2002-06-27,W,688
63346,49B,2002-06-27,W,3559
63347,52A,2002-06-27,W,6577
63348,53A,2002-06-27,W,8837
63349,54A,2002-06-27,W,1375
63350,54B,2002-06-27,W,4397
63351,55N,2002-06-27,W,847
63352,56A,2002-06-27,W,691
63353,62H,2002-06-27,W,1198
63354,63W,2002-06-27,W,2127
63355,81W,2002-06-27,W,1597
63356,85A,2002-06-27,W,745
63357,8A,2002-06-27,W,2182
63358,90N,2002-06-27,W,632
63359,95E,2002-06-27,W,6673
63360,95W,2002-06-27,W,4912
63361,X49,2002-06-27,W,5737
63362,X80,2002-06-27,W,595
63363,X98,2002-06-27,W,404
63364,1,2002-06-28,W,6054
63365,2,2002-06-28,W,1059
63366,3,2002-06-28,W,22619
63367,4,2002-06-28,W,22747
63368,6,2002-06-28,W,18129
63369,7,2002-06-28,W,4463
63370,8,2002-06-28,W,18617
63371,9,2002-06-28,W,29562
63372,10,2002-06-28,W,1090
63373,11,2002-06-28,W,3100
63374,12,2002-06-28,W,10040
63375,14,2002-06-28,W,7392
63376,17,2002-06-28,W,374
63377,18,2002-06-28,W,1309
63378,20,2002-06-28,W,24300
63379,21,2002-06-28,W,8628
63380,22,2002-06-28,W,21515
63381,24,2002-06-28,W,2815
63382,25,2002-06-28,W,329
63383,27,2002-06-28,W,4848
63384,28,2002-06-28,W,11933
63385,29,2002-06-28,W,18473
63386,30,2002-06-28,W,3130
63387,33,2002-06-28,W,589
63388,34,2002-06-28,W,8343
63389,35,2002-06-28,W,6214
63390,36,2002-06-28,W,15139
63391,37,2002-06-28,W,1946
63392,39,2002-06-28,W,1927
63393,43,2002-06-28,W,1105
63394,44,2002-06-28,W,5421
63395,47,2002-06-28,W,9004
63396,48,2002-06-28,W,659
63397,49,2002-06-28,W,18870
63398,50,2002-06-28,W,8548
63399,51,2002-06-28,W,4598
63400,52,2002-06-28,W,10455
63401,53,2002-06-28,W,20506
63402,54,2002-06-28,W,11729
63403,55,2002-06-28,W,14034
63404,56,2002-06-28,W,14413
63405,57,2002-06-28,W,2567
63406,59,2002-06-28,W,4232
63407,60,2002-06-28,W,14129
63408,62,2002-06-28,W,13462
63409,63,2002-06-28,W,19898
63410,64,2002-06-28,W,166
63411,65,2002-06-28,W,6927
63412,66,2002-06-28,W,24488
63413,67,2002-06-28,W,12413
63414,68,2002-06-28,W,1282
63415,69,2002-06-28,W,519
63416,70,2002-06-28,W,10125
63417,71,2002-06-28,W,7278
63418,72,2002-06-28,W,15647
63419,73,2002-06-28,W,5535
63420,74,2002-06-28,W,12932
63421,75,2002-06-28,W,6771
63422,76,2002-06-28,W,12905
63423,77,2002-06-28,W,20031
63424,78,2002-06-28,W,8442
63425,79,2002-06-28,W,32140
63426,80,2002-06-28,W,12716
63427,81,2002-06-28,W,15147
63428,82,2002-06-28,W,21011
63429,84,2002-06-28,W,3765
63430,85,2002-06-28,W,11033
63431,86,2002-06-28,W,1313
63432,87,2002-06-28,W,15955
63433,88,2002-06-28,W,1446
63434,90,2002-06-28,W,4775
63435,91,2002-06-28,W,8517
63436,92,2002-06-28,W,6148
63437,93,2002-06-28,W,2855
63438,94,2002-06-28,W,9723
63439,96,2002-06-28,W,1103
63440,97,2002-06-28,W,4155
63441,100,2002-06-28,W,850
63442,103,2002-06-28,W,3042
63443,106,2002-06-28,W,1603
63444,108,2002-06-28,W,2737
63445,111,2002-06-28,W,5052
63446,112,2002-06-28,W,2571
63447,119,2002-06-28,W,4204
63448,120,2002-06-28,W,1247
63449,121,2002-06-28,W,1377
63450,122,2002-06-28,W,634
63451,123,2002-06-28,W,270
63452,125,2002-06-28,W,2499
63453,126,2002-06-28,W,7609
63454,127,2002-06-28,W,204
63455,129,2002-06-28,W,476
63456,135,2002-06-28,W,2194
63457,136,2002-06-28,W,2148
63458,145,2002-06-28,W,9977
63459,146,2002-06-28,W,9850
63460,147,2002-06-28,W,10722
63461,151,2002-06-28,W,26333
63462,152,2002-06-28,W,7794
63463,155,2002-06-28,W,7114
63464,156,2002-06-28,W,8930
63465,157,2002-06-28,W,2823
63466,168,2002-06-28,W,95
63467,169,2002-06-28,W,470
63468,170,2002-06-28,W,287
63469,171,2002-06-28,W,131
63470,172,2002-06-28,W,203
63471,201,2002-06-28,W,1926
63472,202,2002-06-28,W,429
63473,203,2002-06-28,W,1185
63474,204,2002-06-28,W,1860
63475,49A,2002-06-28,W,550
63476,49B,2002-06-28,W,3481
63477,52A,2002-06-28,W,7582
63478,53A,2002-06-28,W,7545
63479,54A,2002-06-28,W,1260
63480,54B,2002-06-28,W,5324
63481,55N,2002-06-28,W,661
63482,56A,2002-06-28,W,993
63483,62H,2002-06-28,W,1097
63484,63W,2002-06-28,W,2213
63485,81W,2002-06-28,W,1597
63486,85A,2002-06-28,W,928
63487,8A,2002-06-28,W,3287
63488,90N,2002-06-28,W,222
63489,95E,2002-06-28,W,5857
63490,95W,2002-06-28,W,5118
63491,X49,2002-06-28,W,7086
63492,X80,2002-06-28,W,89
63493,X98,2002-06-28,W,362
63494,3,2002-06-29,A,18236
63495,4,2002-06-29,A,20050
63496,6,2002-06-29,A,14109
63497,8,2002-06-29,A,12778
63498,9,2002-06-29,A,23977
63499,10,2002-06-29,A,1290
63500,11,2002-06-29,A,1703
63501,12,2002-06-29,A,6895
63502,18,2002-06-29,A,809
63503,20,2002-06-29,A,15456
63504,21,2002-06-29,A,9283
63505,22,2002-06-29,A,16298
63506,27,2002-06-29,A,3917
63507,28,2002-06-29,A,8832
63508,29,2002-06-29,A,15296
63509,30,2002-06-29,A,1841
63510,34,2002-06-29,A,4788
63511,35,2002-06-29,A,3622
63512,36,2002-06-29,A,13927
63513,43,2002-06-29,A,551
63514,44,2002-06-29,A,2359
63515,47,2002-06-29,A,5307
63516,49,2002-06-29,A,19711
63517,50,2002-06-29,A,4162
63518,51,2002-06-29,A,3819
63519,52,2002-06-29,A,11698
63520,53,2002-06-29,A,16502
63521,54,2002-06-29,A,10147
63522,55,2002-06-29,A,10339
63523,56,2002-06-29,A,10781
63524,57,2002-06-29,A,1453
63525,59,2002-06-29,A,2103
63526,60,2002-06-29,A,11418
63527,62,2002-06-29,A,8317
63528,63,2002-06-29,A,16485
63529,65,2002-06-29,A,3897
63530,66,2002-06-29,A,15546
63531,67,2002-06-29,A,9557
63532,68,2002-06-29,A,587
63533,70,2002-06-29,A,7211
63534,71,2002-06-29,A,5990
63535,72,2002-06-29,A,12715
63536,73,2002-06-29,A,2900
63537,74,2002-06-29,A,11529
63538,75,2002-06-29,A,5126
63539,76,2002-06-29,A,8548
63540,77,2002-06-29,A,14965
63541,78,2002-06-29,A,6656
63542,79,2002-06-29,A,27833
63543,80,2002-06-29,A,9300
63544,81,2002-06-29,A,12404
63545,82,2002-06-29,A,12092
63546,84,2002-06-29,A,2249
63547,85,2002-06-29,A,7396
63548,87,2002-06-29,A,10695
63549,88,2002-06-29,A,725
63550,90,2002-06-29,A,2970
63551,91,2002-06-29,A,4104
63552,92,2002-06-29,A,5034
63553,93,2002-06-29,A,1423
63554,94,2002-06-29,A,5548
63555,97,2002-06-29,A,2050
63556,103,2002-06-29,A,1610
63557,106,2002-06-29,A,646
63558,111,2002-06-29,A,3227
63559,112,2002-06-29,A,2109
63560,119,2002-06-29,A,4278
63561,124,2002-06-29,A,841
63562,126,2002-06-29,A,4513
63563,130,2002-06-29,A,457
63564,145,2002-06-29,A,4158
63565,146,2002-06-29,A,5529
63566,147,2002-06-29,A,5937
63567,151,2002-06-29,A,19803
63568,152,2002-06-29,A,4869
63569,155,2002-06-29,A,5691
63570,168,2002-06-29,A,4
63571,169,2002-06-29,A,77
63572,201,2002-06-29,A,751
63573,49B,2002-06-29,A,3234
63574,52A,2002-06-29,A,4365
63575,53A,2002-06-29,A,3614
63576,54B,2002-06-29,A,5317
63577,55N,2002-06-29,A,126
63578,62H,2002-06-29,A,510
63579,63W,2002-06-29,A,882
63580,81W,2002-06-29,A,905
63581,85A,2002-06-29,A,339
63582,8A,2002-06-29,A,2928
63583,90N,2002-06-29,A,174
63584,95E,2002-06-29,A,4019
63585,95W,2002-06-29,A,3942
63586,X21,2002-06-29,A,460
63587,X98,2002-06-29,A,51
63588,3,2002-06-30,U,11444
63589,4,2002-06-30,U,13603
63590,6,2002-06-30,U,8983
63591,8,2002-06-30,U,10058
63592,9,2002-06-30,U,17634
63593,10,2002-06-30,U,850
63594,11,2002-06-30,U,891
63595,12,2002-06-30,U,5223
63596,18,2002-06-30,U,716
63597,20,2002-06-30,U,11982
63598,21,2002-06-30,U,6172
63599,22,2002-06-30,U,12190
63600,27,2002-06-30,U,2709
63601,28,2002-06-30,U,6509
63602,29,2002-06-30,U,9352
63603,30,2002-06-30,U,1359
63604,34,2002-06-30,U,3162
63605,35,2002-06-30,U,2126
63606,36,2002-06-30,U,8178
63607,43,2002-06-30,U,280
63608,44,2002-06-30,U,1558
63609,47,2002-06-30,U,3793
63610,49,2002-06-30,U,14660
63611,50,2002-06-30,U,2789
63612,51,2002-06-30,U,2044
63613,52,2002-06-30,U,6991
63614,53,2002-06-30,U,10713
63615,54,2002-06-30,U,6385
63616,55,2002-06-30,U,8264
63617,56,2002-06-30,U,8339
63618,57,2002-06-30,U,395
63619,60,2002-06-30,U,8775
63620,62,2002-06-30,U,6434
63621,63,2002-06-30,U,12666
63622,65,2002-06-30,U,3083
63623,66,2002-06-30,U,10541
63624,67,2002-06-30,U,7311
63625,68,2002-06-30,U,348
63626,70,2002-06-30,U,5956
63627,71,2002-06-30,U,3964
63628,72,2002-06-30,U,9851
63629,73,2002-06-30,U,2001
63630,74,2002-06-30,U,8439
63631,75,2002-06-30,U,4745
63632,76,2002-06-30,U,6211
63633,77,2002-06-30,U,10679
63634,78,2002-06-30,U,5554
63635,79,2002-06-30,U,18193
63636,80,2002-06-30,U,6388
63637,81,2002-06-30,U,9274
63638,82,2002-06-30,U,8162
63639,84,2002-06-30,U,1015
63640,85,2002-06-30,U,5552
63641,87,2002-06-30,U,6718
63642,88,2002-06-30,U,496
63643,90,2002-06-30,U,1849
63644,91,2002-06-30,U,2733
63645,92,2002-06-30,U,3153
63646,94,2002-06-30,U,3842
63647,97,2002-06-30,U,1448
63648,103,2002-06-30,U,1098
63649,106,2002-06-30,U,333
63650,111,2002-06-30,U,2256
63651,112,2002-06-30,U,1340
63652,119,2002-06-30,U,3125
63653,124,2002-06-30,U,356
63654,126,2002-06-30,U,4230
63655,130,2002-06-30,U,486
63656,145,2002-06-30,U,2533
63657,146,2002-06-30,U,4910
63658,151,2002-06-30,U,13915
63659,152,2002-06-30,U,2788
63660,155,2002-06-30,U,4394
63661,201,2002-06-30,U,441
63662,49B,2002-06-30,U,2502
63663,52A,2002-06-30,U,2477
63664,53A,2002-06-30,U,2132
63665,54B,2002-06-30,U,3204
63666,63W,2002-06-30,U,581
63667,81W,2002-06-30,U,551
63668,8A,2002-06-30,U,1770
63669,95E,2002-06-30,U,3130
63670,95W,2002-06-30,U,2674
63671,X21,2002-06-30,U,697
